timestamp,src_ip,dst_ip,port,action,reason
2025-11-28 09:52:54,192.168.1.20,192.168.1.1,3389,ACCEPT,INVALID
2025-11-28 09:58:27,192.168.1.20,192.168.1.1,80,ACCEPT,INVALID
2025-11-28 09:14:20,192.168.1.20,192.168.1.1,22,ACCEPT,OK
2025-11-28 09:21:34,198.51.100.1,192.168.1.1,80,ACCEPT,OK
2025-11-28 09:18:50,192.168.1.20,192.168.1.1,443,ACCEPT,AUTH_FAIL
2025-11-28 09:18:15,192.168.1.20,192.168.1.1,3389,ACCEPT,AUTH_FAIL
2025-11-28 09:51:32,10.0.0.5,192.168.1.1,80,ACCEPT,FLOOD
2025-11-28 09:27:18,192.168.1.20,192.168.1.1,22,ACCEPT,OK
2025-11-28 09:36:09,10.0.0.5,192.168.1.1,80,ACCEPT,FLOOD
2025-11-28 09:07:46,203.0.113.50,192.168.1.1,21,ACCEPT,PORT_SCAN
2025-11-28 09:20:38,198.51.100.1,192.168.1.1,22,DENY,AUTH_FAIL
2025-11-28 09:05:30,192.168.1.10,192.168.1.1,443,DENY,INVALID
2025-11-28 09:24:42,198.51.100.1,192.168.1.1,3389,ACCEPT,FLOOD
2025-11-28 09:35:35,192.168.1.20,192.168.1.1,80,DENY,AUTH_FAIL
2025-11-28 09:57:24,192.168.1.10,192.168.1.1,22,ACCEPT,PORT_SCAN
2025-11-28 09:52:51,192.168.1.20,192.168.1.1,21,ACCEPT,INVALID
2025-11-28 09:48:39,198.51.100.1,192.168.1.1,22,DENY,AUTH_FAIL
2025-11-28 09:02:10,192.168.1.20,192.168.1.1,21,ACCEPT,PORT_SCAN
2025-11-28 09:28:05,192.168.1.20,192.168.1.1,443,ACCEPT,PORT_SCAN
2025-11-28 09:56:20,10.0.0.5,192.168.1.1,3389,DENY,INVALID
2025-11-28 09:12:49,192.168.1.10,192.168.1.1,443,ACCEPT,FLOOD
2025-11-28 09:39:51,192.168.1.10,192.168.1.1,80,DENY,PORT_SCAN
2025-11-28 09:25:15,192.168.1.10,192.168.1.1,22,DENY,PORT_SCAN
2025-11-28 09:58:05,192.168.1.10,192.168.1.1,21,DENY,OK
2025-11-28 09:47:33,192.168.1.10,192.168.1.1,21,DENY,PORT_SCAN
2025-11-28 09:40:33,192.168.1.10,192.168.1.1,22,ACCEPT,OK
2025-11-28 09:20:15,10.0.0.5,192.168.1.1,22,ACCEPT,FLOOD
2025-11-28 09:15:55,192.168.1.10,192.168.1.1,80,ACCEPT,FLOOD
2025-11-28 09:38:44,192.168.1.20,192.168.1.1,443,ACCEPT,FLOOD
2025-11-28 09:19:44,203.0.113.50,192.168.1.1,21,ACCEPT,AUTH_FAIL
2025-11-28 09:07:39,192.168.1.20,192.168.1.1,80,DENY,FLOOD
2025-11-28 09:56:25,10.0.0.5,192.168.1.1,443,ACCEPT,PORT_SCAN
2025-11-28 09:00:21,192.168.1.10,192.168.1.1,80,ACCEPT,INVALID
2025-11-28 09:38:20,192.168.1.10,192.168.1.1,21,ACCEPT,OK
2025-11-28 09:12:27,192.168.1.10,192.168.1.1,22,ACCEPT,AUTH_FAIL
2025-11-28 09:48:24,192.168.1.10,192.168.1.1,22,ACCEPT,FLOOD
2025-11-28 09:07:54,192.168.1.10,192.168.1.1,443,DENY,FLOOD
2025-11-28 09:18:02,192.168.1.10,192.168.1.1,3389,ACCEPT,INVALID
2025-11-28 09:42:38,192.168.1.10,192.168.1.1,443,ACCEPT,INVALID
2025-11-28 09:34:07,192.168.1.10,192.168.1.1,3389,ACCEPT,AUTH_FAIL
2025-11-28 09:59:07,192.168.1.20,192.168.1.1,80,ACCEPT,OK
2025-11-28 09:45:47,192.168.1.10,192.168.1.1,80,ACCEPT,FLOOD
2025-11-28 09:16:15,192.168.1.20,192.168.1.1,21,ACCEPT,AUTH_FAIL
2025-11-28 09:30:06,192.168.1.20,192.168.1.1,3389,ACCEPT,PORT_SCAN
2025-11-28 09:03:09,10.0.0.5,192.168.1.1,21,ACCEPT,PORT_SCAN
2025-11-28 09:50:05,192.168.1.10,192.168.1.1,22,ACCEPT,AUTH_FAIL
2025-11-28 09:45:34,10.0.0.5,192.168.1.1,3389,ACCEPT,FLOOD
2025-11-28 09:50:05,10.0.0.5,192.168.1.1,443,ACCEPT,AUTH_FAIL
2025-11-28 09:09:22,192.168.1.10,192.168.1.1,22,ACCEPT,FLOOD
2025-11-28 09:31:39,203.0.113.50,192.168.1.1,22,DENY,PORT_SCAN
2025-11-28 09:21:07,198.51.100.1,192.168.1.1,443,DENY,AUTH_FAIL
2025-11-28 09:47:59,192.168.1.10,192.168.1.1,22,ACCEPT,FLOOD
2025-11-28 09:25:28,192.168.1.10,192.168.1.1,3389,ACCEPT,AUTH_FAIL
2025-11-28 09:53:22,203.0.113.50,192.168.1.1,21,ACCEPT,AUTH_FAIL
2025-11-28 09:59:16,10.0.0.5,192.168.1.1,22,ACCEPT,FLOOD
2025-11-28 09:10:46,192.168.1.10,192.168.1.1,3389,ACCEPT,FLOOD
2025-11-28 09:34:28,192.168.1.10,192.168.1.1,80,ACCEPT,OK
2025-11-28 09:48:08,192.168.1.20,192.168.1.1,3389,DENY,AUTH_FAIL
2025-11-28 09:36:54,192.168.1.20,192.168.1.1,21,ACCEPT,PORT_SCAN
2025-11-28 09:21:37,10.0.0.5,192.168.1.1,3389,ACCEPT,AUTH_FAIL
2025-11-28 09:40:35,192.168.1.20,192.168.1.1,443,ACCEPT,AUTH_FAIL
2025-11-28 09:10:00,192.168.1.20,192.168.1.1,21,ACCEPT,FLOOD
2025-11-28 09:39:23,10.0.0.5,192.168.1.1,80,ACCEPT,AUTH_FAIL
2025-11-28 09:34:21,192.168.1.10,192.168.1.1,443,ACCEPT,AUTH_FAIL
2025-11-28 09:04:01,192.168.1.10,192.168.1.1,3389,DENY,PORT_SCAN
2025-11-28 09:34:01,10.0.0.5,192.168.1.1,21,ACCEPT,FLOOD
2025-11-28 09:47:04,203.0.113.50,192.168.1.1,80,ACCEPT,AUTH_FAIL
2025-11-28 09:56:57,192.168.1.20,192.168.1.1,443,DENY,INVALID
2025-11-28 09:43:32,192.168.1.20,192.168.1.1,80,ACCEPT,OK
2025-11-28 09:49:05,192.168.1.10,192.168.1.1,3389,DENY,PORT_SCAN
2025-11-28 09:22:43,192.168.1.20,192.168.1.1,80,ACCEPT,AUTH_FAIL
2025-11-28 09:35:39,192.168.1.20,192.168.1.1,22,DENY,INVALID
2025-11-28 09:23:10,192.168.1.10,192.168.1.1,443,ACCEPT,AUTH_FAIL
2025-11-28 09:50:03,192.168.1.10,192.168.1.1,80,DENY,AUTH_FAIL
2025-11-28 09:24:38,192.168.1.20,192.168.1.1,3389,DENY,FLOOD
2025-11-28 09:58:19,192.168.1.10,192.168.1.1,3389,ACCEPT,FLOOD
2025-11-28 09:42:36,192.168.1.20,192.168.1.1,80,DENY,FLOOD
2025-11-28 09:12:55,192.168.1.10,192.168.1.1,3389,ACCEPT,INVALID
2025-11-28 09:00:34,192.168.1.20,192.168.1.1,21,ACCEPT,AUTH_FAIL
2025-11-28 09:37:33,192.168.1.10,192.168.1.1,21,ACCEPT,OK
2025-11-28 09:52:32,203.0.113.50,192.168.1.1,21,ACCEPT,PORT_SCAN
2025-11-28 09:32:35,192.168.1.20,192.168.1.1,22,ACCEPT,FLOOD
2025-11-28 09:26:25,10.0.0.5,192.168.1.1,80,ACCEPT,FLOOD
2025-11-28 09:57:39,10.0.0.5,192.168.1.1,22,ACCEPT,AUTH_FAIL
2025-11-28 09:51:13,192.168.1.20,192.168.1.1,3389,DENY,AUTH_FAIL
2025-11-28 09:17:01,192.168.1.10,192.168.1.1,22,DENY,INVALID
2025-11-28 09:57:41,192.168.1.20,192.168.1.1,3389,ACCEPT,INVALID
2025-11-28 09:43:33,192.168.1.20,192.168.1.1,3389,ACCEPT,FLOOD
2025-11-28 09:18:49,10.0.0.5,192.168.1.1,443,ACCEPT,AUTH_FAIL
2025-11-28 09:25:00,192.168.1.20,192.168.1.1,21,ACCEPT,OK
2025-11-28 09:11:42,192.168.1.10,192.168.1.1,3389,ACCEPT,PORT_SCAN
2025-11-28 09:40:49,192.168.1.10,192.168.1.1,443,ACCEPT,AUTH_FAIL
2025-11-28 09:46:17,192.168.1.20,192.168.1.1,21,ACCEPT,AUTH_FAIL
2025-11-28 09:26:19,10.0.0.5,192.168.1.1,3389,DENY,INVALID
2025-11-28 09:02:41,192.168.1.20,192.168.1.1,3389,ACCEPT,PORT_SCAN
2025-11-28 09:03:21,192.168.1.20,192.168.1.1,22,ACCEPT,FLOOD
2025-11-28 09:33:01,198.51.100.1,192.168.1.1,22,DENY,AUTH_FAIL
2025-11-28 09:16:35,10.0.0.5,192.168.1.1,21,ACCEPT,FLOOD
2025-11-28 09:38:37,192.168.1.10,192.168.1.1,3389,ACCEPT,AUTH_FAIL
2025-11-28 09:13:35,192.168.1.10,192.168.1.1,80,ACCEPT,FLOOD
2025-11-28 09:55:42,192.168.1.10,192.168.1.1,22,ACCEPT,PORT_SCAN
2025-11-28 09:07:35,192.168.1.10,192.168.1.1,21,ACCEPT,INVALID
2025-11-28 09:58:53,192.168.1.10,192.168.1.1,3389,DENY,PORT_SCAN
2025-11-28 09:21:15,192.168.1.10,192.168.1.1,3389,DENY,OK
2025-11-28 09:16:56,192.168.1.10,192.168.1.1,80,ACCEPT,INVALID
2025-11-28 09:39:03,192.168.1.10,192.168.1.1,21,ACCEPT,PORT_SCAN
2025-11-28 09:46:07,203.0.113.50,192.168.1.1,3389,ACCEPT,OK
2025-11-28 09:05:37,192.168.1.10,192.168.1.1,22,ACCEPT,AUTH_FAIL
2025-11-28 09:14:38,192.168.1.20,192.168.1.1,80,ACCEPT,AUTH_FAIL
2025-11-28 09:17:56,192.168.1.20,192.168.1.1,21,ACCEPT,FLOOD
2025-11-28 09:13:11,198.51.100.1,192.168.1.1,80,ACCEPT,INVALID
2025-11-28 09:37:44,192.168.1.10,192.168.1.1,22,ACCEPT,AUTH_FAIL
2025-11-28 09:12:43,192.168.1.20,192.168.1.1,21,ACCEPT,INVALID
2025-11-28 09:37:15,198.51.100.1,192.168.1.1,80,DENY,AUTH_FAIL
2025-11-28 09:06:19,203.0.113.50,192.168.1.1,443,DENY,FLOOD
2025-11-28 09:08:12,203.0.113.50,192.168.1.1,22,DENY,PORT_SCAN
2025-11-28 09:51:52,192.168.1.10,192.168.1.1,22,ACCEPT,FLOOD
2025-11-28 09:19:40,192.168.1.10,192.168.1.1,22,DENY,OK
2025-11-28 09:34:22,10.0.0.5,192.168.1.1,443,ACCEPT,AUTH_FAIL
2025-11-28 09:01:04,198.51.100.1,192.168.1.1,443,DENY,OK
2025-11-28 09:42:48,192.168.1.20,192.168.1.1,3389,ACCEPT,OK
2025-11-28 09:22:47,192.168.1.20,192.168.1.1,80,DENY,INVALID
2025-11-28 09:19:12,192.168.1.10,192.168.1.1,3389,ACCEPT,AUTH_FAIL
2025-11-28 09:33:47,10.0.0.5,192.168.1.1,80,DENY,OK
2025-11-28 09:44:55,192.168.1.10,192.168.1.1,443,DENY,PORT_SCAN
2025-11-28 09:24:55,192.168.1.20,192.168.1.1,443,ACCEPT,OK
2025-11-28 09:52:14,192.168.1.20,192.168.1.1,3389,ACCEPT,PORT_SCAN
2025-11-28 09:19:22,192.168.1.20,192.168.1.1,21,DENY,INVALID
2025-11-28 09:25:22,192.168.1.10,192.168.1.1,3389,ACCEPT,OK
2025-11-28 09:44:00,192.168.1.10,192.168.1.1,80,DENY,FLOOD
2025-11-28 09:06:31,10.0.0.5,192.168.1.1,3389,ACCEPT,INVALID
2025-11-28 09:28:18,192.168.1.10,192.168.1.1,22,ACCEPT,PORT_SCAN
2025-11-28 09:06:58,192.168.1.20,192.168.1.1,80,ACCEPT,INVALID
2025-11-28 09:38:56,192.168.1.10,192.168.1.1,80,ACCEPT,OK
2025-11-28 09:06:18,192.168.1.20,192.168.1.1,21,DENY,AUTH_FAIL
2025-11-28 09:29:56,192.168.1.20,192.168.1.1,443,ACCEPT,AUTH_FAIL
2025-11-28 09:59:21,192.168.1.10,192.168.1.1,80,ACCEPT,PORT_SCAN
2025-11-28 09:37:58,192.168.1.20,192.168.1.1,443,ACCEPT,PORT_SCAN
2025-11-28 09:51:05,192.168.1.10,192.168.1.1,3389,ACCEPT,AUTH_FAIL
2025-11-28 09:34:48,192.168.1.10,192.168.1.1,22,DENY,PORT_SCAN
2025-11-28 09:51:39,198.51.100.1,192.168.1.1,21,DENY,INVALID
2025-11-28 09:36:22,192.168.1.20,192.168.1.1,443,ACCEPT,FLOOD
2025-11-28 09:03:20,203.0.113.50,192.168.1.1,80,DENY,FLOOD
2025-11-28 09:31:03,192.168.1.10,192.168.1.1,443,DENY,INVALID
2025-11-28 09:12:59,10.0.0.5,192.168.1.1,80,ACCEPT,FLOOD
2025-11-28 09:49:37,10.0.0.5,192.168.1.1,443,DENY,OK
2025-11-28 09:51:44,192.168.1.20,192.168.1.1,80,ACCEPT,INVALID
2025-11-28 09:51:59,192.168.1.20,192.168.1.1,3389,ACCEPT,PORT_SCAN
2025-11-28 09:08:22,192.168.1.20,192.168.1.1,80,DENY,INVALID
2025-11-28 09:40:54,192.168.1.20,192.168.1.1,80,ACCEPT,AUTH_FAIL
2025-11-28 09:29:11,198.51.100.1,192.168.1.1,22,DENY,AUTH_FAIL
2025-11-28 09:13:24,203.0.113.50,192.168.1.1,80,DENY,AUTH_FAIL
2025-11-28 09:35:46,198.51.100.1,192.168.1.1,22,DENY,AUTH_FAIL
2025-11-28 09:45:31,192.168.1.10,192.168.1.1,21,DENY,FLOOD
2025-11-28 09:31:35,10.0.0.5,192.168.1.1,22,ACCEPT,INVALID
2025-11-28 09:46:13,198.51.100.1,192.168.1.1,3389,ACCEPT,OK
2025-11-28 09:26:10,192.168.1.10,192.168.1.1,22,ACCEPT,PORT_SCAN
2025-11-28 09:16:00,192.168.1.10,192.168.1.1,21,DENY,PORT_SCAN
2025-11-28 09:44:20,10.0.0.5,192.168.1.1,3389,ACCEPT,AUTH_FAIL
2025-11-28 09:24:45,192.168.1.20,192.168.1.1,443,ACCEPT,FLOOD
2025-11-28 09:44:50,203.0.113.50,192.168.1.1,443,ACCEPT,AUTH_FAIL
2025-11-28 09:17:08,192.168.1.10,192.168.1.1,22,DENY,AUTH_FAIL
2025-11-28 09:54:49,10.0.0.5,192.168.1.1,22,ACCEPT,FLOOD
2025-11-28 09:08:22,192.168.1.10,192.168.1.1,21,ACCEPT,OK
2025-11-28 09:46:54,192.168.1.10,192.168.1.1,21,ACCEPT,AUTH_FAIL
2025-11-28 09:06:37,192.168.1.10,192.168.1.1,80,ACCEPT,AUTH_FAIL
2025-11-28 09:14:30,203.0.113.50,192.168.1.1,21,DENY,PORT_SCAN
2025-11-28 09:47:22,10.0.0.5,192.168.1.1,80,ACCEPT,FLOOD
2025-11-28 09:06:32,192.168.1.20,192.168.1.1,3389,ACCEPT,INVALID
2025-11-28 09:03:26,192.168.1.20,192.168.1.1,22,DENY,OK
2025-11-28 09:17:18,203.0.113.50,192.168.1.1,3389,ACCEPT,OK
2025-11-28 09:31:21,192.168.1.20,192.168.1.1,21,DENY,FLOOD
2025-11-28 09:48:59,203.0.113.50,192.168.1.1,3389,ACCEPT,PORT_SCAN
2025-11-28 09:24:44,192.168.1.20,192.168.1.1,3389,DENY,PORT_SCAN
2025-11-28 09:14:23,192.168.1.20,192.168.1.1,3389,ACCEPT,FLOOD
2025-11-28 09:46:30,192.168.1.20,192.168.1.1,21,ACCEPT,PORT_SCAN
2025-11-28 09:55:12,192.168.1.20,192.168.1.1,3389,DENY,OK
2025-11-28 09:09:23,10.0.0.5,192.168.1.1,80,DENY,OK
2025-11-28 09:17:00,192.168.1.20,192.168.1.1,21,DENY,INVALID
2025-11-28 09:01:35,192.168.1.10,192.168.1.1,3389,ACCEPT,FLOOD
2025-11-28 09:32:03,203.0.113.50,192.168.1.1,21,DENY,AUTH_FAIL
2025-11-28 09:29:17,192.168.1.20,192.168.1.1,443,DENY,AUTH_FAIL
2025-11-28 09:42:12,192.168.1.20,192.168.1.1,80,ACCEPT,INVALID
2025-11-28 09:57:58,198.51.100.1,192.168.1.1,3389,DENY,INVALID
2025-11-28 09:37:58,10.0.0.5,192.168.1.1,443,DENY,PORT_SCAN
2025-11-28 09:46:36,192.168.1.10,192.168.1.1,443,ACCEPT,INVALID
2025-11-28 09:27:58,198.51.100.1,192.168.1.1,21,ACCEPT,INVALID
2025-11-28 09:54:02,10.0.0.5,192.168.1.1,443,ACCEPT,AUTH_FAIL
2025-11-28 09:09:00,192.168.1.20,192.168.1.1,80,ACCEPT,PORT_SCAN
2025-11-28 09:17:39,192.168.1.10,192.168.1.1,80,ACCEPT,INVALID
2025-11-28 09:42:52,10.0.0.5,192.168.1.1,22,ACCEPT,INVALID
2025-11-28 09:19:43,10.0.0.5,192.168.1.1,80,ACCEPT,PORT_SCAN
2025-11-28 09:28:42,192.168.1.20,192.168.1.1,443,ACCEPT,FLOOD
2025-11-28 09:55:14,203.0.113.50,192.168.1.1,80,ACCEPT,PORT_SCAN
2025-11-28 09:52:37,10.0.0.5,192.168.1.1,21,DENY,AUTH_FAIL
2025-11-28 09:30:19,192.168.1.10,192.168.1.1,22,DENY,FLOOD
2025-11-28 09:43:45,192.168.1.20,192.168.1.1,443,ACCEPT,OK
2025-11-28 09:45:29,192.168.1.10,192.168.1.1,22,DENY,PORT_SCAN
2025-11-28 09:43:24,10.0.0.5,192.168.1.1,443,ACCEPT,AUTH_FAIL
2025-11-28 09:26:37,192.168.1.10,192.168.1.1,21,ACCEPT,FLOOD
2025-11-28 09:51:00,192.168.1.20,192.168.1.1,22,ACCEPT,PORT_SCAN
2025-11-28 09:44:53,10.0.0.5,192.168.1.1,3389,ACCEPT,INVALID
2025-11-28 09:13:15,203.0.113.50,192.168.1.1,443,DENY,PORT_SCAN
2025-11-28 09:17:31,192.168.1.20,192.168.1.1,3389,DENY,OK
2025-11-28 09:27:23,203.0.113.50,192.168.1.1,22,DENY,PORT_SCAN
2025-11-28 09:22:43,192.168.1.10,192.168.1.1,3389,ACCEPT,FLOOD
2025-11-28 09:33:01,203.0.113.50,192.168.1.1,3389,ACCEPT,FLOOD
2025-11-28 09:22:34,192.168.1.10,192.168.1.1,22,ACCEPT,PORT_SCAN
2025-11-28 09:27:43,192.168.1.20,192.168.1.1,21,ACCEPT,FLOOD
2025-11-28 09:25:29,10.0.0.5,192.168.1.1,3389,ACCEPT,INVALID
2025-11-28 09:33:58,192.168.1.10,192.168.1.1,3389,DENY,PORT_SCAN
2025-11-28 09:56:59,192.168.1.10,192.168.1.1,21,DENY,INVALID
2025-11-28 09:24:56,10.0.0.5,192.168.1.1,3389,ACCEPT,INVALID
2025-11-28 09:55:02,10.0.0.5,192.168.1.1,3389,DENY,AUTH_FAIL
2025-11-28 09:37:17,10.0.0.5,192.168.1.1,3389,ACCEPT,PORT_SCAN
2025-11-28 09:54:56,10.0.0.5,192.168.1.1,80,ACCEPT,FLOOD
2025-11-28 09:23:28,192.168.1.20,192.168.1.1,21,ACCEPT,INVALID
2025-11-28 09:23:20,192.168.1.10,192.168.1.1,3389,ACCEPT,AUTH_FAIL
2025-11-28 09:21:46,192.168.1.20,192.168.1.1,21,DENY,PORT_SCAN
2025-11-28 09:44:40,192.168.1.10,192.168.1.1,443,ACCEPT,PORT_SCAN
2025-11-28 09:44:35,198.51.100.1,192.168.1.1,443,ACCEPT,OK
2025-11-28 09:16:12,192.168.1.20,192.168.1.1,3389,ACCEPT,OK
2025-11-28 09:29:28,192.168.1.20,192.168.1.1,21,ACCEPT,INVALID
2025-11-28 09:21:22,192.168.1.20,192.168.1.1,21,DENY,OK
2025-11-28 09:57:10,198.51.100.1,192.168.1.1,21,ACCEPT,INVALID
2025-11-28 09:11:49,192.168.1.10,192.168.1.1,80,ACCEPT,FLOOD
2025-11-28 09:24:39,192.168.1.20,192.168.1.1,443,ACCEPT,INVALID
2025-11-28 09:23:54,192.168.1.20,192.168.1.1,21,ACCEPT,OK
2025-11-28 09:10:48,10.0.0.5,192.168.1.1,21,ACCEPT,FLOOD
2025-11-28 09:05:17,192.168.1.10,192.168.1.1,80,ACCEPT,OK
2025-11-28 09:54:56,203.0.113.50,192.168.1.1,80,ACCEPT,INVALID
2025-11-28 09:20:57,198.51.100.1,192.168.1.1,21,DENY,AUTH_FAIL
2025-11-28 09:11:23,192.168.1.20,192.168.1.1,22,DENY,PORT_SCAN
2025-11-28 09:11:03,10.0.0.5,192.168.1.1,21,DENY,OK
2025-11-28 09:33:18,198.51.100.1,192.168.1.1,21,ACCEPT,INVALID
2025-11-28 09:57:25,10.0.0.5,192.168.1.1,80,ACCEPT,FLOOD
2025-11-28 09:27:11,192.168.1.10,192.168.1.1,80,ACCEPT,OK
2025-11-28 09:24:55,192.168.1.20,192.168.1.1,21,DENY,OK
2025-11-28 09:55:04,10.0.0.5,192.168.1.1,21,ACCEPT,PORT_SCAN
2025-11-28 09:18:56,192.168.1.20,192.168.1.1,21,ACCEPT,INVALID
2025-11-28 09:30:53,10.0.0.5,192.168.1.1,80,ACCEPT,AUTH_FAIL
2025-11-28 09:25:20,198.51.100.1,192.168.1.1,21,ACCEPT,FLOOD
2025-11-28 09:41:29,198.51.100.1,192.168.1.1,21,ACCEPT,INVALID
2025-11-28 09:09:23,192.168.1.20,192.168.1.1,3389,ACCEPT,FLOOD
2025-11-28 09:21:31,192.168.1.10,192.168.1.1,22,DENY,OK
2025-11-28 09:59:41,198.51.100.1,192.168.1.1,443,ACCEPT,PORT_SCAN
2025-11-28 09:57:37,203.0.113.50,192.168.1.1,22,DENY,PORT_SCAN
2025-11-28 09:57:38,192.168.1.10,192.168.1.1,3389,ACCEPT,AUTH_FAIL
2025-11-28 09:53:04,198.51.100.1,192.168.1.1,443,ACCEPT,PORT_SCAN
2025-11-28 09:27:16,203.0.113.50,192.168.1.1,21,ACCEPT,OK
2025-11-28 09:49:59,192.168.1.20,192.168.1.1,3389,DENY,AUTH_FAIL
2025-11-28 09:52:32,192.168.1.20,192.168.1.1,21,ACCEPT,INVALID
2025-11-28 09:11:38,192.168.1.20,192.168.1.1,80,DENY,PORT_SCAN
2025-11-28 09:36:00,192.168.1.10,192.168.1.1,3389,ACCEPT,AUTH_FAIL
2025-11-28 09:00:01,192.168.1.20,192.168.1.1,80,ACCEPT,OK
2025-11-28 09:10:41,203.0.113.50,192.168.1.1,3389,DENY,FLOOD
2025-11-28 09:37:47,192.168.1.10,192.168.1.1,3389,ACCEPT,FLOOD
2025-11-28 09:26:29,192.168.1.20,192.168.1.1,80,ACCEPT,OK
2025-11-28 09:14:14,192.168.1.20,192.168.1.1,443,ACCEPT,OK
2025-11-28 09:29:19,192.168.1.20,192.168.1.1,22,ACCEPT,FLOOD
2025-11-28 09:54:56,198.51.100.1,192.168.1.1,21,DENY,AUTH_FAIL
2025-11-28 09:40:32,192.168.1.20,192.168.1.1,3389,ACCEPT,FLOOD
2025-11-28 09:57:54,192.168.1.20,192.168.1.1,21,DENY,OK
2025-11-28 09:27:41,10.0.0.5,192.168.1.1,80,DENY,PORT_SCAN
2025-11-28 09:19:13,192.168.1.20,192.168.1.1,21,ACCEPT,INVALID
2025-11-28 09:17:56,192.168.1.10,192.168.1.1,80,DENY,PORT_SCAN
2025-11-28 09:28:27,192.168.1.20,192.168.1.1,21,ACCEPT,PORT_SCAN
2025-11-28 09:46:17,192.168.1.10,192.168.1.1,22,DENY,OK
2025-11-28 09:28:15,192.168.1.10,192.168.1.1,22,ACCEPT,FLOOD
2025-11-28 09:28:53,192.168.1.20,192.168.1.1,22,ACCEPT,AUTH_FAIL
2025-11-28 09:23:59,192.168.1.20,192.168.1.1,22,ACCEPT,PORT_SCAN
2025-11-28 09:38:14,198.51.100.1,192.168.1.1,22,DENY,AUTH_FAIL
2025-11-28 09:13:55,192.168.1.20,192.168.1.1,22,ACCEPT,AUTH_FAIL
2025-11-28 09:58:30,192.168.1.20,192.168.1.1,80,DENY,PORT_SCAN
2025-11-28 09:03:22,10.0.0.5,192.168.1.1,3389,ACCEPT,AUTH_FAIL
2025-11-28 09:54:15,192.168.1.10,192.168.1.1,21,ACCEPT,FLOOD
2025-11-28 09:02:02,10.0.0.5,192.168.1.1,22,DENY,INVALID
2025-11-28 09:06:40,192.168.1.10,192.168.1.1,80,ACCEPT,FLOOD
2025-11-28 09:12:46,198.51.100.1,192.168.1.1,80,DENY,OK
2025-11-28 09:04:53,192.168.1.10,192.168.1.1,80,DENY,AUTH_FAIL
2025-11-28 09:38:47,192.168.1.20,192.168.1.1,3389,DENY,INVALID
2025-11-28 09:48:51,192.168.1.10,192.168.1.1,21,DENY,AUTH_FAIL
2025-11-28 09:03:17,198.51.100.1,192.168.1.1,3389,ACCEPT,AUTH_FAIL
2025-11-28 09:50:29,192.168.1.20,192.168.1.1,443,ACCEPT,PORT_SCAN
2025-11-28 09:32:10,192.168.1.20,192.168.1.1,80,DENY,OK
2025-11-28 09:59:42,192.168.1.10,192.168.1.1,443,ACCEPT,AUTH_FAIL
2025-11-28 09:46:39,10.0.0.5,192.168.1.1,22,ACCEPT,FLOOD
2025-11-28 09:36:31,192.168.1.10,192.168.1.1,22,ACCEPT,FLOOD
2025-11-28 09:10:08,203.0.113.50,192.168.1.1,3389,DENY,PORT_SCAN
2025-11-28 09:54:32,192.168.1.10,192.168.1.1,21,ACCEPT,OK
2025-11-28 09:19:07,192.168.1.10,192.168.1.1,443,ACCEPT,OK
2025-11-28 09:03:06,192.168.1.10,192.168.1.1,21,ACCEPT,FLOOD
2025-11-28 09:56:37,192.168.1.20,192.168.1.1,3389,ACCEPT,INVALID
2025-11-28 09:41:51,192.168.1.20,192.168.1.1,22,ACCEPT,PORT_SCAN
2025-11-28 09:57:00,192.168.1.10,192.168.1.1,21,ACCEPT,PORT_SCAN
2025-11-28 09:29:54,10.0.0.5,192.168.1.1,21,ACCEPT,FLOOD
2025-11-28 09:10:59,192.168.1.20,192.168.1.1,22,DENY,FLOOD
2025-11-28 09:46:51,192.168.1.20,192.168.1.1,443,ACCEPT,INVALID
2025-11-28 09:50:02,192.168.1.20,192.168.1.1,22,DENY,INVALID
2025-11-28 09:32:35,192.168.1.20,192.168.1.1,21,DENY,OK
2025-11-28 09:40:50,192.168.1.20,192.168.1.1,443,ACCEPT,PORT_SCAN
2025-11-28 09:22:49,192.168.1.10,192.168.1.1,443,ACCEPT,PORT_SCAN
2025-11-28 09:33:06,192.168.1.10,192.168.1.1,22,ACCEPT,FLOOD
2025-11-28 09:25:34,203.0.113.50,192.168.1.1,21,DENY,OK
2025-11-28 09:02:26,198.51.100.1,192.168.1.1,3389,ACCEPT,PORT_SCAN
2025-11-28 09:53:39,192.168.1.20,192.168.1.1,21,ACCEPT,OK
2025-11-28 09:48:31,192.168.1.10,192.168.1.1,80,ACCEPT,OK
2025-11-28 09:28:54,10.0.0.5,192.168.1.1,3389,ACCEPT,FLOOD
2025-11-28 09:30:43,192.168.1.20,192.168.1.1,443,ACCEPT,OK
2025-11-28 09:08:08,192.168.1.10,192.168.1.1,3389,ACCEPT,INVALID
2025-11-28 09:49:36,192.168.1.10,192.168.1.1,443,DENY,INVALID
2025-11-28 09:32:39,10.0.0.5,192.168.1.1,443,ACCEPT,AUTH_FAIL
2025-11-28 09:27:43,10.0.0.5,192.168.1.1,3389,ACCEPT,FLOOD
2025-11-28 09:43:18,192.168.1.10,192.168.1.1,443,ACCEPT,AUTH_FAIL
2025-11-28 09:39:45,192.168.1.10,192.168.1.1,443,DENY,INVALID
2025-11-28 09:48:39,192.168.1.10,192.168.1.1,80,ACCEPT,AUTH_FAIL
2025-11-28 09:10:40,10.0.0.5,192.168.1.1,21,DENY,FLOOD
2025-11-28 09:30:02,192.168.1.10,192.168.1.1,21,ACCEPT,FLOOD
2025-11-28 09:42:00,192.168.1.10,192.168.1.1,80,ACCEPT,OK
2025-11-28 09:32:49,10.0.0.5,192.168.1.1,3389,ACCEPT,PORT_SCAN
2025-11-28 09:36:38,192.168.1.10,192.168.1.1,22,ACCEPT,OK
2025-11-28 09:23:58,10.0.0.5,192.168.1.1,22,ACCEPT,FLOOD
2025-11-28 09:56:09,192.168.1.10,192.168.1.1,22,ACCEPT,INVALID
2025-11-28 09:27:14,192.168.1.10,192.168.1.1,80,DENY,INVALID
2025-11-28 09:04:22,192.168.1.10,192.168.1.1,80,ACCEPT,OK
2025-11-28 09:29:47,10.0.0.5,192.168.1.1,443,ACCEPT,FLOOD
2025-11-28 09:36:31,203.0.113.50,192.168.1.1,22,DENY,PORT_SCAN
2025-11-28 09:39:53,203.0.113.50,192.168.1.1,3389,ACCEPT,FLOOD
2025-11-28 09:10:23,192.168.1.20,192.168.1.1,3389,ACCEPT,INVALID
2025-11-28 09:16:56,10.0.0.5,192.168.1.1,22,ACCEPT,FLOOD
2025-11-28 09:14:40,192.168.1.10,192.168.1.1,22,ACCEPT,AUTH_FAIL
2025-11-28 09:34:09,192.168.1.10,192.168.1.1,22,ACCEPT,FLOOD
2025-11-28 09:49:04,203.0.113.50,192.168.1.1,80,ACCEPT,FLOOD
2025-11-28 09:22:07,192.168.1.10,192.168.1.1,80,ACCEPT,OK
2025-11-28 09:38:21,192.168.1.10,192.168.1.1,80,ACCEPT,AUTH_FAIL
2025-11-28 09:07:32,192.168.1.10,192.168.1.1,21,ACCEPT,PORT_SCAN
2025-11-28 09:51:48,192.168.1.10,192.168.1.1,3389,DENY,OK
2025-11-28 09:19:43,192.168.1.10,192.168.1.1,3389,ACCEPT,PORT_SCAN
2025-11-28 09:51:02,192.168.1.20,192.168.1.1,443,ACCEPT,INVALID
2025-11-28 09:34:16,192.168.1.20,192.168.1.1,80,ACCEPT,PORT_SCAN
2025-11-28 09:55:04,203.0.113.50,192.168.1.1,21,DENY,FLOOD
2025-11-28 09:52:50,203.0.113.50,192.168.1.1,21,DENY,PORT_SCAN
2025-11-28 09:28:02,192.168.1.20,192.168.1.1,3389,ACCEPT,OK
2025-11-28 09:47:43,192.168.1.10,192.168.1.1,80,DENY,OK
2025-11-28 09:37:35,192.168.1.20,192.168.1.1,443,ACCEPT,PORT_SCAN
2025-11-28 09:19:14,192.168.1.20,192.168.1.1,80,ACCEPT,OK
2025-11-28 09:06:43,192.168.1.10,192.168.1.1,22,DENY,OK
2025-11-28 09:36:39,10.0.0.5,192.168.1.1,80,DENY,PORT_SCAN
2025-11-28 09:35:01,192.168.1.20,192.168.1.1,22,ACCEPT,AUTH_FAIL
2025-11-28 09:53:11,192.168.1.20,192.168.1.1,22,ACCEPT,AUTH_FAIL
2025-11-28 09:28:16,192.168.1.20,192.168.1.1,443,ACCEPT,INVALID
2025-11-28 09:10:27,192.168.1.10,192.168.1.1,3389,ACCEPT,OK
2025-11-28 09:09:46,198.51.100.1,192.168.1.1,80,DENY,PORT_SCAN
2025-11-28 09:27:28,10.0.0.5,192.168.1.1,22,ACCEPT,OK
2025-11-28 09:24:03,192.168.1.10,192.168.1.1,80,ACCEPT,FLOOD
2025-11-28 09:24:05,203.0.113.50,192.168.1.1,3389,ACCEPT,OK
2025-11-28 09:01:43,192.168.1.20,192.168.1.1,3389,ACCEPT,OK
2025-11-28 09:04:13,203.0.113.50,192.168.1.1,21,ACCEPT,AUTH_FAIL
2025-11-28 09:54:58,10.0.0.5,192.168.1.1,3389,ACCEPT,PORT_SCAN
2025-11-28 09:53:03,192.168.1.20,192.168.1.1,443,DENY,OK
2025-11-28 09:42:37,192.168.1.10,192.168.1.1,22,DENY,AUTH_FAIL
2025-11-28 09:24:56,192.168.1.10,192.168.1.1,21,ACCEPT,INVALID
2025-11-28 09:01:38,192.168.1.20,192.168.1.1,443,DENY,AUTH_FAIL
2025-11-28 09:36:40,10.0.0.5,192.168.1.1,80,DENY,AUTH_FAIL
2025-11-28 09:31:24,192.168.1.10,192.168.1.1,22,DENY,AUTH_FAIL
2025-11-28 09:49:21,192.168.1.10,192.168.1.1,3389,ACCEPT,OK
2025-11-28 09:31:59,203.0.113.50,192.168.1.1,22,DENY,PORT_SCAN
2025-11-28 09:14:37,198.51.100.1,192.168.1.1,80,ACCEPT,INVALID
2025-11-28 09:05:37,192.168.1.20,192.168.1.1,21,ACCEPT,FLOOD
2025-11-28 09:47:49,192.168.1.10,192.168.1.1,21,ACCEPT,FLOOD
2025-11-28 09:53:54,192.168.1.10,192.168.1.1,21,ACCEPT,FLOOD
2025-11-28 09:15:56,192.168.1.10,192.168.1.1,3389,ACCEPT,INVALID
2025-11-28 09:28:24,198.51.100.1,192.168.1.1,443,DENY,FLOOD
2025-11-28 09:02:40,192.168.1.10,192.168.1.1,443,ACCEPT,FLOOD
2025-11-28 09:26:43,192.168.1.20,192.168.1.1,22,ACCEPT,AUTH_FAIL
2025-11-28 09:47:28,192.168.1.10,192.168.1.1,3389,DENY,OK
2025-11-28 09:06:37,192.168.1.20,192.168.1.1,21,DENY,OK
2025-11-28 09:21:40,10.0.0.5,192.168.1.1,21,DENY,AUTH_FAIL
2025-11-28 09:13:35,203.0.113.50,192.168.1.1,80,DENY,AUTH_FAIL
2025-11-28 09:25:27,192.168.1.10,192.168.1.1,80,ACCEPT,AUTH_FAIL
2025-11-28 09:31:59,192.168.1.10,192.168.1.1,21,DENY,OK
2025-11-28 09:23:35,192.168.1.10,192.168.1.1,21,ACCEPT,FLOOD
2025-11-28 09:19:18,198.51.100.1,192.168.1.1,3389,ACCEPT,AUTH_FAIL
2025-11-28 09:20:18,203.0.113.50,192.168.1.1,443,ACCEPT,INVALID
2025-11-28 09:06:40,192.168.1.20,192.168.1.1,80,ACCEPT,AUTH_FAIL
2025-11-28 09:10:39,10.0.0.5,192.168.1.1,443,ACCEPT,PORT_SCAN
2025-11-28 09:51:44,10.0.0.5,192.168.1.1,3389,ACCEPT,AUTH_FAIL
2025-11-28 09:45:35,192.168.1.10,192.168.1.1,21,DENY,OK
2025-11-28 09:07:39,198.51.100.1,192.168.1.1,443,ACCEPT,AUTH_FAIL
2025-11-28 09:15:54,192.168.1.20,192.168.1.1,21,ACCEPT,PORT_SCAN
2025-11-28 09:07:49,192.168.1.20,192.168.1.1,21,DENY,INVALID
2025-11-28 09:57:26,192.168.1.20,192.168.1.1,22,ACCEPT,FLOOD
2025-11-28 09:17:25,192.168.1.10,192.168.1.1,443,ACCEPT,AUTH_FAIL
2025-11-28 09:46:37,192.168.1.10,192.168.1.1,443,ACCEPT,PORT_SCAN
2025-11-28 09:28:13,10.0.0.5,192.168.1.1,21,ACCEPT,PORT_SCAN
2025-11-28 09:34:45,192.168.1.10,192.168.1.1,3389,ACCEPT,INVALID
2025-11-28 09:37:57,10.0.0.5,192.168.1.1,22,DENY,OK
2025-11-28 09:57:16,192.168.1.10,192.168.1.1,21,ACCEPT,AUTH_FAIL
2025-11-28 09:09:22,192.168.1.20,192.168.1.1,80,ACCEPT,PORT_SCAN
2025-11-28 09:41:25,192.168.1.10,192.168.1.1,80,DENY,INVALID
2025-11-28 09:29:59,192.168.1.20,192.168.1.1,22,DENY,FLOOD
2025-11-28 09:55:54,10.0.0.5,192.168.1.1,3389,ACCEPT,PORT_SCAN
2025-11-28 09:34:34,192.168.1.10,192.168.1.1,21,ACCEPT,INVALID
2025-11-28 09:03:45,192.168.1.20,192.168.1.1,443,ACCEPT,OK
2025-11-28 09:55:48,192.168.1.20,192.168.1.1,22,ACCEPT,OK
2025-11-28 09:13:17,10.0.0.5,192.168.1.1,3389,ACCEPT,PORT_SCAN
2025-11-28 09:38:51,198.51.100.1,192.168.1.1,443,ACCEPT,PORT_SCAN
2025-11-28 09:48:46,10.0.0.5,192.168.1.1,80,DENY,AUTH_FAIL
2025-11-28 09:15:59,192.168.1.10,192.168.1.1,80,ACCEPT,INVALID
2025-11-28 09:25:04,192.168.1.10,192.168.1.1,443,ACCEPT,PORT_SCAN
2025-11-28 09:07:32,192.168.1.10,192.168.1.1,22,ACCEPT,AUTH_FAIL
2025-11-28 09:51:07,192.168.1.20,192.168.1.1,80,ACCEPT,AUTH_FAIL
2025-11-28 09:13:35,192.168.1.10,192.168.1.1,21,ACCEPT,PORT_SCAN
2025-11-28 09:10:58,192.168.1.20,192.168.1.1,443,ACCEPT,OK
2025-11-28 09:59:47,192.168.1.20,192.168.1.1,443,DENY,INVALID
2025-11-28 09:09:06,192.168.1.20,192.168.1.1,80,ACCEPT,INVALID
2025-11-28 09:20:15,10.0.0.5,192.168.1.1,22,ACCEPT,OK
2025-11-28 09:52:00,192.168.1.10,192.168.1.1,21,ACCEPT,PORT_SCAN
2025-11-28 09:59:43,192.168.1.10,192.168.1.1,22,ACCEPT,INVALID
2025-11-28 09:00:16,10.0.0.5,192.168.1.1,3389,ACCEPT,PORT_SCAN
2025-11-28 09:54:03,192.168.1.20,192.168.1.1,3389,ACCEPT,PORT_SCAN
2025-11-28 09:20:43,10.0.0.5,192.168.1.1,80,ACCEPT,AUTH_FAIL
2025-11-28 09:36:45,192.168.1.20,192.168.1.1,80,ACCEPT,OK
2025-11-28 09:42:04,192.168.1.10,192.168.1.1,80,DENY,PORT_SCAN
2025-11-28 09:17:49,203.0.113.50,192.168.1.1,3389,DENY,FLOOD
2025-11-28 09:57:24,10.0.0.5,192.168.1.1,22,DENY,OK
2025-11-28 09:42:45,10.0.0.5,192.168.1.1,22,DENY,INVALID
2025-11-28 09:35:46,192.168.1.10,192.168.1.1,80,ACCEPT,AUTH_FAIL
2025-11-28 09:29:28,192.168.1.20,192.168.1.1,21,DENY,INVALID
2025-11-28 09:17:40,192.168.1.20,192.168.1.1,22,ACCEPT,INVALID
2025-11-28 09:38:47,192.168.1.10,192.168.1.1,3389,DENY,OK
2025-11-28 09:57:00,198.51.100.1,192.168.1.1,443,DENY,INVALID
2025-11-28 09:42:24,192.168.1.10,192.168.1.1,443,DENY,PORT_SCAN
2025-11-28 09:05:01,198.51.100.1,192.168.1.1,443,DENY,INVALID
2025-11-28 09:03:00,192.168.1.20,192.168.1.1,21,ACCEPT,AUTH_FAIL
2025-11-28 09:10:06,192.168.1.10,192.168.1.1,80,ACCEPT,AUTH_FAIL
2025-11-28 09:52:50,192.168.1.20,192.168.1.1,3389,ACCEPT,FLOOD
2025-11-28 09:11:39,203.0.113.50,192.168.1.1,21,ACCEPT,AUTH_FAIL
2025-11-28 09:16:32,10.0.0.5,192.168.1.1,3389,ACCEPT,INVALID
2025-11-28 09:18:59,203.0.113.50,192.168.1.1,3389,ACCEPT,AUTH_FAIL
2025-11-28 09:03:10,10.0.0.5,192.168.1.1,80,DENY,OK
2025-11-28 09:38:20,10.0.0.5,192.168.1.1,443,ACCEPT,AUTH_FAIL
2025-11-28 09:16:20,203.0.113.50,192.168.1.1,80,DENY,PORT_SCAN
2025-11-28 09:49:35,192.168.1.10,192.168.1.1,21,DENY,OK
2025-11-28 09:33:26,192.168.1.20,192.168.1.1,21,DENY,FLOOD
2025-11-28 09:19:44,192.168.1.10,192.168.1.1,21,DENY,PORT_SCAN
2025-11-28 09:55:27,198.51.100.1,192.168.1.1,80,ACCEPT,INVALID
2025-11-28 09:56:34,198.51.100.1,192.168.1.1,3389,DENY,INVALID
2025-11-28 09:02:07,192.168.1.10,192.168.1.1,3389,DENY,INVALID
2025-11-28 09:34:25,10.0.0.5,192.168.1.1,22,ACCEPT,PORT_SCAN
2025-11-28 09:30:16,198.51.100.1,192.168.1.1,21,ACCEPT,PORT_SCAN
2025-11-28 09:29:18,192.168.1.10,192.168.1.1,3389,DENY,PORT_SCAN
2025-11-28 09:43:33,192.168.1.20,192.168.1.1,22,ACCEPT,OK
2025-11-28 09:09:29,198.51.100.1,192.168.1.1,3389,ACCEPT,OK
2025-11-28 09:22:26,192.168.1.10,192.168.1.1,21,ACCEPT,INVALID
2025-11-28 09:31:35,10.0.0.5,192.168.1.1,443,ACCEPT,AUTH_FAIL
2025-11-28 09:45:33,192.168.1.10,192.168.1.1,21,ACCEPT,INVALID
2025-11-28 09:10:25,198.51.100.1,192.168.1.1,80,DENY,FLOOD
2025-11-28 09:55:59,198.51.100.1,192.168.1.1,3389,ACCEPT,OK
2025-11-28 09:48:21,198.51.100.1,192.168.1.1,3389,ACCEPT,PORT_SCAN
2025-11-28 09:28:06,192.168.1.20,192.168.1.1,80,ACCEPT,OK
2025-11-28 09:50:09,203.0.113.50,192.168.1.1,80,ACCEPT,PORT_SCAN
2025-11-28 09:02:34,203.0.113.50,192.168.1.1,443,DENY,FLOOD
2025-11-28 09:42:17,192.168.1.20,192.168.1.1,3389,ACCEPT,FLOOD
2025-11-28 09:23:29,203.0.113.50,192.168.1.1,3389,ACCEPT,OK
2025-11-28 09:13:04,192.168.1.10,192.168.1.1,443,ACCEPT,PORT_SCAN
2025-11-28 09:52:55,192.168.1.20,192.168.1.1,22,ACCEPT,FLOOD
2025-11-28 09:57:44,192.168.1.10,192.168.1.1,443,DENY,INVALID
2025-11-28 09:04:05,192.168.1.10,192.168.1.1,21,DENY,INVALID
2025-11-28 09:54:07,192.168.1.10,192.168.1.1,3389,ACCEPT,PORT_SCAN
2025-11-28 09:51:50,10.0.0.5,192.168.1.1,80,ACCEPT,OK
2025-11-28 09:25:00,192.168.1.20,192.168.1.1,21,ACCEPT,FLOOD
2025-11-28 09:28:25,10.0.0.5,192.168.1.1,3389,ACCEPT,OK
2025-11-28 09:46:46,192.168.1.10,192.168.1.1,443,ACCEPT,INVALID
2025-11-28 09:08:57,192.168.1.20,192.168.1.1,21,ACCEPT,FLOOD
2025-11-28 09:31:30,192.168.1.20,192.168.1.1,3389,ACCEPT,OK
2025-11-28 09:30:41,10.0.0.5,192.168.1.1,22,ACCEPT,AUTH_FAIL
2025-11-28 09:15:20,192.168.1.20,192.168.1.1,22,DENY,PORT_SCAN
2025-11-28 09:40:55,10.0.0.5,192.168.1.1,80,DENY,PORT_SCAN
2025-11-28 09:08:44,203.0.113.50,192.168.1.1,3389,ACCEPT,AUTH_FAIL
2025-11-28 09:47:55,10.0.0.5,192.168.1.1,22,DENY,INVALID
2025-11-28 09:25:29,192.168.1.10,192.168.1.1,443,ACCEPT,FLOOD
2025-11-28 09:49:10,192.168.1.10,192.168.1.1,3389,ACCEPT,PORT_SCAN
2025-11-28 09:00:35,203.0.113.50,192.168.1.1,443,DENY,AUTH_FAIL
2025-11-28 09:11:24,192.168.1.10,192.168.1.1,443,DENY,AUTH_FAIL
2025-11-28 09:00:19,203.0.113.50,192.168.1.1,22,DENY,PORT_SCAN
2025-11-28 09:39:28,192.168.1.20,192.168.1.1,3389,ACCEPT,INVALID
2025-11-28 09:42:39,198.51.100.1,192.168.1.1,21,ACCEPT,OK
2025-11-28 09:06:39,10.0.0.5,192.168.1.1,22,DENY,PORT_SCAN
2025-11-28 09:45:01,198.51.100.1,192.168.1.1,22,DENY,AUTH_FAIL
2025-11-28 09:16:11,192.168.1.20,192.168.1.1,3389,ACCEPT,AUTH_FAIL
2025-11-28 09:31:46,10.0.0.5,192.168.1.1,3389,ACCEPT,FLOOD
2025-11-28 09:41:58,192.168.1.20,192.168.1.1,443,ACCEPT,FLOOD
2025-11-28 09:19:26,192.168.1.20,192.168.1.1,3389,ACCEPT,INVALID
2025-11-28 09:18:35,10.0.0.5,192.168.1.1,443,ACCEPT,FLOOD
2025-11-28 09:57:05,203.0.113.50,192.168.1.1,22,DENY,PORT_SCAN
2025-11-28 09:13:53,198.51.100.1,192.168.1.1,80,ACCEPT,FLOOD
2025-11-28 09:30:23,10.0.0.5,192.168.1.1,21,ACCEPT,AUTH_FAIL
2025-11-28 09:46:14,192.168.1.20,192.168.1.1,22,ACCEPT,FLOOD
2025-11-28 09:33:02,192.168.1.20,192.168.1.1,3389,ACCEPT,FLOOD
2025-11-28 09:14:13,10.0.0.5,192.168.1.1,21,ACCEPT,FLOOD
2025-11-28 09:00:50,192.168.1.10,192.168.1.1,80,ACCEPT,OK
2025-11-28 09:09:34,192.168.1.10,192.168.1.1,80,DENY,AUTH_FAIL
2025-11-28 09:54:21,192.168.1.20,192.168.1.1,443,ACCEPT,INVALID
2025-11-28 09:19:08,192.168.1.10,192.168.1.1,21,DENY,OK
2025-11-28 09:36:37,192.168.1.10,192.168.1.1,443,ACCEPT,PORT_SCAN
2025-11-28 09:39:21,192.168.1.10,192.168.1.1,22,ACCEPT,AUTH_FAIL
2025-11-28 09:43:37,192.168.1.10,192.168.1.1,21,ACCEPT,AUTH_FAIL
2025-11-28 09:56:53,192.168.1.10,192.168.1.1,22,ACCEPT,PORT_SCAN
2025-11-28 09:39:12,198.51.100.1,192.168.1.1,443,DENY,PORT_SCAN
2025-11-28 09:28:35,192.168.1.20,192.168.1.1,21,ACCEPT,PORT_SCAN
2025-11-28 09:11:21,192.168.1.20,192.168.1.1,443,ACCEPT,INVALID
2025-11-28 09:13:57,10.0.0.5,192.168.1.1,21,DENY,FLOOD
2025-11-28 09:17:57,192.168.1.10,192.168.1.1,443,DENY,AUTH_FAIL
2025-11-28 09:50:50,198.51.100.1,192.168.1.1,80,DENY,FLOOD
2025-11-28 09:41:31,10.0.0.5,192.168.1.1,443,ACCEPT,FLOOD
2025-11-28 09:44:20,192.168.1.10,192.168.1.1,80,DENY,PORT_SCAN
2025-11-28 09:50:40,192.168.1.20,192.168.1.1,443,ACCEPT,INVALID
2025-11-28 09:38:31,203.0.113.50,192.168.1.1,21,ACCEPT,OK
2025-11-28 09:52:04,198.51.100.1,192.168.1.1,21,ACCEPT,INVALID
2025-11-28 09:26:35,192.168.1.20,192.168.1.1,21,ACCEPT,FLOOD
2025-11-28 09:50:51,10.0.0.5,192.168.1.1,3389,ACCEPT,INVALID
2025-11-28 09:00:04,192.168.1.10,192.168.1.1,22,ACCEPT,PORT_SCAN
2025-11-28 09:18:46,198.51.100.1,192.168.1.1,21,DENY,OK
2025-11-28 09:20:19,192.168.1.10,192.168.1.1,80,ACCEPT,PORT_SCAN
2025-11-28 09:12:53,198.51.100.1,192.168.1.1,21,ACCEPT,OK
2025-11-28 09:14:36,10.0.0.5,192.168.1.1,3389,ACCEPT,FLOOD
2025-11-28 09:16:31,10.0.0.5,192.168.1.1,80,DENY,OK
2025-11-28 09:48:51,192.168.1.20,192.168.1.1,3389,ACCEPT,OK
2025-11-28 09:57:01,192.168.1.10,192.168.1.1,80,ACCEPT,OK
2025-11-28 09:00:46,192.168.1.10,192.168.1.1,443,DENY,INVALID
2025-11-28 09:48:34,192.168.1.10,192.168.1.1,22,DENY,INVALID
2025-11-28 09:47:50,192.168.1.10,192.168.1.1,22,ACCEPT,FLOOD
2025-11-28 09:49:43,10.0.0.5,192.168.1.1,3389,ACCEPT,OK
2025-11-28 09:45:03,192.168.1.20,192.168.1.1,22,DENY,AUTH_FAIL
2025-11-28 09:04:28,192.168.1.10,192.168.1.1,3389,ACCEPT,FLOOD
2025-11-28 09:06:09,198.51.100.1,192.168.1.1,3389,ACCEPT,OK
2025-11-28 09:10:35,203.0.113.50,192.168.1.1,3389,DENY,OK
2025-11-28 09:18:49,198.51.100.1,192.168.1.1,22,DENY,AUTH_FAIL
2025-11-28 09:28:13,198.51.100.1,192.168.1.1,3389,ACCEPT,FLOOD
2025-11-28 09:28:02,192.168.1.10,192.168.1.1,22,ACCEPT,OK
2025-11-28 09:10:56,192.168.1.20,192.168.1.1,3389,ACCEPT,OK
2025-11-28 09:01:59,10.0.0.5,192.168.1.1,21,ACCEPT,FLOOD
2025-11-28 09:13:50,10.0.0.5,192.168.1.1,3389,DENY,AUTH_FAIL
2025-11-28 09:30:10,192.168.1.10,192.168.1.1,80,ACCEPT,FLOOD
2025-11-28 09:18:01,203.0.113.50,192.168.1.1,3389,ACCEPT,FLOOD
2025-11-28 09:32:54,192.168.1.10,192.168.1.1,443,ACCEPT,AUTH_FAIL
2025-11-28 09:22:49,192.168.1.10,192.168.1.1,3389,ACCEPT,FLOOD
2025-11-28 09:12:20,192.168.1.20,192.168.1.1,80,DENY,OK
2025-11-28 09:59:05,192.168.1.20,192.168.1.1,80,ACCEPT,FLOOD
2025-11-28 09:01:56,192.168.1.20,192.168.1.1,22,ACCEPT,AUTH_FAIL
2025-11-28 09:30:53,192.168.1.10,192.168.1.1,21,ACCEPT,PORT_SCAN
2025-11-28 09:47:18,203.0.113.50,192.168.1.1,3389,ACCEPT,FLOOD
2025-11-28 09:19:10,192.168.1.10,192.168.1.1,22,ACCEPT,INVALID
2025-11-28 09:57:44,192.168.1.10,192.168.1.1,21,DENY,OK
2025-11-28 09:32:11,203.0.113.50,192.168.1.1,3389,DENY,OK
2025-11-28 09:16:52,198.51.100.1,192.168.1.1,443,ACCEPT,INVALID
2025-11-28 09:27:44,203.0.113.50,192.168.1.1,3389,ACCEPT,INVALID
2025-11-28 09:18:01,203.0.113.50,192.168.1.1,80,DENY,FLOOD
2025-11-28 09:10:33,10.0.0.5,192.168.1.1,80,DENY,INVALID
2025-11-28 09:08:32,192.168.1.20,192.168.1.1,443,ACCEPT,PORT_SCAN
2025-11-28 09:47:29,192.168.1.10,192.168.1.1,22,ACCEPT,AUTH_FAIL
2025-11-28 09:18:39,192.168.1.20,192.168.1.1,21,ACCEPT,INVALID
2025-11-28 09:19:01,192.168.1.20,192.168.1.1,3389,DENY,INVALID
2025-11-28 09:09:19,192.168.1.10,192.168.1.1,80,DENY,PORT_SCAN
2025-11-28 09:08:07,10.0.0.5,192.168.1.1,22,ACCEPT,OK
2025-11-28 09:55:08,192.168.1.20,192.168.1.1,443,ACCEPT,OK
2025-11-28 09:14:56,192.168.1.10,192.168.1.1,80,DENY,FLOOD
2025-11-28 09:55:43,192.168.1.10,192.168.1.1,443,DENY,PORT_SCAN
2025-11-28 09:20:12,10.0.0.5,192.168.1.1,3389,DENY,AUTH_FAIL
2025-11-28 09:11:43,192.168.1.10,192.168.1.1,21,DENY,AUTH_FAIL
2025-11-28 09:24:30,203.0.113.50,192.168.1.1,80,ACCEPT,PORT_SCAN
2025-11-28 09:09:40,192.168.1.20,192.168.1.1,80,ACCEPT,AUTH_FAIL
2025-11-28 09:47:17,192.168.1.20,192.168.1.1,3389,ACCEPT,OK
2025-11-28 09:48:28,192.168.1.20,192.168.1.1,22,ACCEPT,AUTH_FAIL
2025-11-28 09:38:14,203.0.113.50,192.168.1.1,21,ACCEPT,AUTH_FAIL
2025-11-28 09:52:27,192.168.1.20,192.168.1.1,80,DENY,PORT_SCAN
2025-11-28 09:02:33,10.0.0.5,192.168.1.1,21,ACCEPT,PORT_SCAN
2025-11-28 09:27:59,192.168.1.20,192.168.1.1,80,DENY,AUTH_FAIL
2025-11-28 09:58:26,192.168.1.10,192.168.1.1,21,ACCEPT,INVALID
2025-11-28 09:16:36,203.0.113.50,192.168.1.1,443,DENY,PORT_SCAN
2025-11-28 09:52:37,10.0.0.5,192.168.1.1,80,ACCEPT,FLOOD
2025-11-28 09:45:44,10.0.0.5,192.168.1.1,21,ACCEPT,FLOOD
2025-11-28 09:55:56,203.0.113.50,192.168.1.1,22,DENY,PORT_SCAN
2025-11-28 09:20:43,203.0.113.50,192.168.1.1,443,ACCEPT,AUTH_FAIL
2025-11-28 09:18:12,10.0.0.5,192.168.1.1,443,DENY,INVALID
2025-11-28 09:51:58,203.0.113.50,192.168.1.1,22,DENY,PORT_SCAN
2025-11-28 09:16:48,10.0.0.5,192.168.1.1,21,ACCEPT,AUTH_FAIL
2025-11-28 09:35:41,10.0.0.5,192.168.1.1,3389,ACCEPT,PORT_SCAN
2025-11-28 09:29:33,10.0.0.5,192.168.1.1,22,ACCEPT,FLOOD
2025-11-28 09:15:57,10.0.0.5,192.168.1.1,21,ACCEPT,INVALID
2025-11-28 09:50:59,192.168.1.10,192.168.1.1,22,DENY,FLOOD
2025-11-28 09:07:32,203.0.113.50,192.168.1.1,22,DENY,PORT_SCAN
2025-11-28 09:20:27,203.0.113.50,192.168.1.1,80,ACCEPT,AUTH_FAIL
2025-11-28 09:49:19,192.168.1.10,192.168.1.1,21,DENY,PORT_SCAN
2025-11-28 09:37:45,203.0.113.50,192.168.1.1,3389,ACCEPT,PORT_SCAN
2025-11-28 09:42:01,192.168.1.10,192.168.1.1,80,DENY,FLOOD
2025-11-28 09:41:19,192.168.1.20,192.168.1.1,22,ACCEPT,INVALID
2025-11-28 09:39:48,10.0.0.5,192.168.1.1,22,DENY,PORT_SCAN
2025-11-28 09:09:10,192.168.1.10,192.168.1.1,22,DENY,FLOOD
2025-11-28 09:27:15,203.0.113.50,192.168.1.1,21,ACCEPT,INVALID
2025-11-28 09:21:52,203.0.113.50,192.168.1.1,21,DENY,AUTH_FAIL
2025-11-28 09:55:25,192.168.1.20,192.168.1.1,80,ACCEPT,AUTH_FAIL
2025-11-28 09:29:17,192.168.1.10,192.168.1.1,3389,ACCEPT,OK
2025-11-28 09:05:56,192.168.1.10,192.168.1.1,80,ACCEPT,FLOOD
2025-11-28 09:34:30,10.0.0.5,192.168.1.1,443,DENY,INVALID
2025-11-28 09:29:45,198.51.100.1,192.168.1.1,22,DENY,AUTH_FAIL
2025-11-28 09:42:49,10.0.0.5,192.168.1.1,22,DENY,AUTH_FAIL
2025-11-28 09:29:41,192.168.1.10,192.168.1.1,22,DENY,INVALID
2025-11-28 09:52:51,10.0.0.5,192.168.1.1,80,ACCEPT,FLOOD
2025-11-28 09:47:29,192.168.1.20,192.168.1.1,80,DENY,OK
2025-11-28 09:54:11,10.0.0.5,192.168.1.1,22,ACCEPT,AUTH_FAIL
2025-11-28 09:54:54,192.168.1.10,192.168.1.1,80,ACCEPT,INVALID
2025-11-28 09:46:49,10.0.0.5,192.168.1.1,21,ACCEPT,INVALID
2025-11-28 09:41:29,192.168.1.20,192.168.1.1,21,DENY,INVALID
2025-11-28 09:27:11,198.51.100.1,192.168.1.1,80,DENY,FLOOD
2025-11-28 09:46:56,192.168.1.20,192.168.1.1,22,ACCEPT,FLOOD
2025-11-28 09:16:55,10.0.0.5,192.168.1.1,80,ACCEPT,FLOOD
2025-11-28 09:22:28,198.51.100.1,192.168.1.1,80,DENY,PORT_SCAN
2025-11-28 09:08:35,192.168.1.10,192.168.1.1,80,ACCEPT,INVALID
2025-11-28 09:51:27,198.51.100.1,192.168.1.1,443,DENY,AUTH_FAIL
2025-11-28 09:47:19,10.0.0.5,192.168.1.1,21,DENY,FLOOD
2025-11-28 09:05:35,192.168.1.10,192.168.1.1,3389,ACCEPT,FLOOD
2025-11-28 09:29:42,192.168.1.20,192.168.1.1,3389,ACCEPT,INVALID
2025-11-28 09:38:25,10.0.0.5,192.168.1.1,443,DENY,FLOOD
2025-11-28 09:08:16,192.168.1.10,192.168.1.1,80,DENY,PORT_SCAN
2025-11-28 09:14:55,192.168.1.20,192.168.1.1,443,ACCEPT,PORT_SCAN
2025-11-28 09:36:47,192.168.1.20,192.168.1.1,443,DENY,FLOOD
2025-11-28 09:59:06,10.0.0.5,192.168.1.1,22,ACCEPT,INVALID
2025-11-28 09:14:11,192.168.1.10,192.168.1.1,21,ACCEPT,INVALID
2025-11-28 09:28:07,203.0.113.50,192.168.1.1,3389,DENY,INVALID
2025-11-28 09:32:11,198.51.100.1,192.168.1.1,80,DENY,OK
2025-11-28 09:45:37,198.51.100.1,192.168.1.1,3389,ACCEPT,FLOOD
2025-11-28 09:40:27,10.0.0.5,192.168.1.1,3389,DENY,INVALID
2025-11-28 09:26:08,192.168.1.10,192.168.1.1,21,ACCEPT,PORT_SCAN
2025-11-28 09:15:56,10.0.0.5,192.168.1.1,3389,ACCEPT,AUTH_FAIL
2025-11-28 09:45:38,192.168.1.10,192.168.1.1,3389,ACCEPT,AUTH_FAIL
2025-11-28 09:58:18,192.168.1.10,192.168.1.1,443,DENY,INVALID
2025-11-28 09:27:16,192.168.1.20,192.168.1.1,21,ACCEPT,AUTH_FAIL
2025-11-28 09:21:31,192.168.1.20,192.168.1.1,22,ACCEPT,AUTH_FAIL
2025-11-28 09:24:00,10.0.0.5,192.168.1.1,80,ACCEPT,OK
2025-11-28 09:19:51,10.0.0.5,192.168.1.1,3389,DENY,PORT_SCAN
2025-11-28 09:17:46,192.168.1.20,192.168.1.1,80,ACCEPT,PORT_SCAN
2025-11-28 09:04:44,192.168.1.10,192.168.1.1,22,DENY,OK
2025-11-28 09:40:44,198.51.100.1,192.168.1.1,80,ACCEPT,OK
2025-11-28 09:00:11,192.168.1.20,192.168.1.1,22,ACCEPT,AUTH_FAIL
2025-11-28 09:27:10,192.168.1.20,192.168.1.1,443,ACCEPT,FLOOD
2025-11-28 09:56:13,192.168.1.10,192.168.1.1,3389,DENY,AUTH_FAIL
2025-11-28 09:55:24,10.0.0.5,192.168.1.1,22,DENY,OK
2025-11-28 09:42:26,10.0.0.5,192.168.1.1,80,ACCEPT,PORT_SCAN
2025-11-28 09:12:33,192.168.1.10,192.168.1.1,3389,ACCEPT,AUTH_FAIL
2025-11-28 09:34:42,192.168.1.10,192.168.1.1,443,ACCEPT,FLOOD
2025-11-28 09:46:14,10.0.0.5,192.168.1.1,3389,ACCEPT,AUTH_FAIL
2025-11-28 09:48:16,10.0.0.5,192.168.1.1,22,ACCEPT,INVALID
2025-11-28 09:01:29,192.168.1.10,192.168.1.1,443,ACCEPT,AUTH_FAIL
2025-11-28 09:12:55,198.51.100.1,192.168.1.1,80,ACCEPT,OK
2025-11-28 09:44:12,192.168.1.10,192.168.1.1,443,ACCEPT,PORT_SCAN
2025-11-28 09:50:17,192.168.1.20,192.168.1.1,443,ACCEPT,PORT_SCAN
2025-11-28 09:27:05,198.51.100.1,192.168.1.1,21,DENY,OK
2025-11-28 09:51:09,192.168.1.20,192.168.1.1,443,ACCEPT,INVALID
2025-11-28 09:06:57,10.0.0.5,192.168.1.1,443,ACCEPT,OK
2025-11-28 09:01:54,192.168.1.20,192.168.1.1,3389,DENY,AUTH_FAIL
2025-11-28 09:10:16,192.168.1.10,192.168.1.1,80,ACCEPT,OK
2025-11-28 09:54:27,198.51.100.1,192.168.1.1,3389,ACCEPT,OK
2025-11-28 09:13:45,192.168.1.20,192.168.1.1,3389,ACCEPT,INVALID
2025-11-28 09:59:32,203.0.113.50,192.168.1.1,22,DENY,PORT_SCAN
2025-11-28 09:27:29,192.168.1.10,192.168.1.1,3389,ACCEPT,FLOOD
2025-11-28 09:25:16,192.168.1.10,192.168.1.1,21,ACCEPT,FLOOD
2025-11-28 09:52:26,192.168.1.10,192.168.1.1,21,DENY,PORT_SCAN
2025-11-28 09:06:52,10.0.0.5,192.168.1.1,22,ACCEPT,OK
2025-11-28 09:57:27,192.168.1.20,192.168.1.1,80,ACCEPT,PORT_SCAN
2025-11-28 09:58:11,203.0.113.50,192.168.1.1,80,ACCEPT,INVALID
2025-11-28 09:12:08,192.168.1.20,192.168.1.1,3389,ACCEPT,FLOOD
2025-11-28 09:55:48,198.51.100.1,192.168.1.1,3389,ACCEPT,OK
2025-11-28 09:51:08,192.168.1.10,192.168.1.1,3389,DENY,INVALID
2025-11-28 09:46:48,203.0.113.50,192.168.1.1,80,ACCEPT,INVALID
2025-11-28 09:11:15,10.0.0.5,192.168.1.1,443,ACCEPT,OK
2025-11-28 09:57:45,10.0.0.5,192.168.1.1,21,ACCEPT,INVALID
2025-11-28 09:31:32,203.0.113.50,192.168.1.1,443,ACCEPT,OK
2025-11-28 09:41:44,10.0.0.5,192.168.1.1,443,DENY,OK
2025-11-28 09:49:27,10.0.0.5,192.168.1.1,80,ACCEPT,AUTH_FAIL
2025-11-28 09:37:19,192.168.1.10,192.168.1.1,443,ACCEPT,PORT_SCAN
2025-11-28 09:46:26,192.168.1.10,192.168.1.1,22,ACCEPT,INVALID
2025-11-28 09:18:42,198.51.100.1,192.168.1.1,3389,DENY,INVALID
2025-11-28 09:26:11,10.0.0.5,192.168.1.1,22,ACCEPT,AUTH_FAIL
2025-11-28 09:16:17,10.0.0.5,192.168.1.1,21,ACCEPT,AUTH_FAIL
2025-11-28 09:16:48,192.168.1.20,192.168.1.1,3389,DENY,AUTH_FAIL
2025-11-28 09:35:43,192.168.1.10,192.168.1.1,443,DENY,FLOOD
2025-11-28 09:28:07,192.168.1.10,192.168.1.1,21,ACCEPT,FLOOD
2025-11-28 09:45:10,10.0.0.5,192.168.1.1,3389,ACCEPT,FLOOD
2025-11-28 09:54:21,192.168.1.20,192.168.1.1,443,ACCEPT,OK
2025-11-28 09:00:36,192.168.1.10,192.168.1.1,22,ACCEPT,INVALID
2025-11-28 09:57:20,192.168.1.20,192.168.1.1,3389,ACCEPT,PORT_SCAN
2025-11-28 09:25:48,192.168.1.10,192.168.1.1,443,ACCEPT,OK
2025-11-28 09:38:46,192.168.1.20,192.168.1.1,22,ACCEPT,INVALID
2025-11-28 09:37:44,192.168.1.10,192.168.1.1,21,ACCEPT,INVALID
2025-11-28 09:48:34,10.0.0.5,192.168.1.1,21,ACCEPT,AUTH_FAIL
2025-11-28 09:14:32,192.168.1.20,192.168.1.1,21,DENY,AUTH_FAIL
2025-11-28 09:30:21,192.168.1.20,192.168.1.1,21,ACCEPT,OK
2025-11-28 09:21:36,192.168.1.10,192.168.1.1,80,ACCEPT,AUTH_FAIL
2025-11-28 09:35:09,192.168.1.10,192.168.1.1,3389,ACCEPT,INVALID
2025-11-28 09:09:55,192.168.1.20,192.168.1.1,3389,DENY,AUTH_FAIL
2025-11-28 09:31:43,192.168.1.20,192.168.1.1,80,ACCEPT,FLOOD
2025-11-28 09:12:08,10.0.0.5,192.168.1.1,443,ACCEPT,AUTH_FAIL
2025-11-28 09:22:45,192.168.1.10,192.168.1.1,443,ACCEPT,INVALID
2025-11-28 09:06:36,10.0.0.5,192.168.1.1,21,ACCEPT,OK
2025-11-28 09:11:38,203.0.113.50,192.168.1.1,22,DENY,PORT_SCAN
2025-11-28 09:51:30,10.0.0.5,192.168.1.1,443,ACCEPT,AUTH_FAIL
2025-11-28 09:37:04,192.168.1.10,192.168.1.1,22,ACCEPT,INVALID
2025-11-28 09:27:15,192.168.1.20,192.168.1.1,3389,DENY,PORT_SCAN
2025-11-28 09:06:35,192.168.1.10,192.168.1.1,22,ACCEPT,PORT_SCAN
2025-11-28 09:41:32,192.168.1.10,192.168.1.1,3389,ACCEPT,FLOOD
2025-11-28 09:55:04,198.51.100.1,192.168.1.1,80,DENY,PORT_SCAN
2025-11-28 09:01:15,192.168.1.10,192.168.1.1,80,ACCEPT,INVALID
2025-11-28 09:04:24,192.168.1.20,192.168.1.1,21,ACCEPT,INVALID
2025-11-28 09:41:42,10.0.0.5,192.168.1.1,443,ACCEPT,AUTH_FAIL
2025-11-28 09:30:19,10.0.0.5,192.168.1.1,21,ACCEPT,AUTH_FAIL
2025-11-28 09:11:57,192.168.1.20,192.168.1.1,3389,DENY,AUTH_FAIL
2025-11-28 09:46:22,192.168.1.10,192.168.1.1,21,DENY,PORT_SCAN
2025-11-28 09:57:35,192.168.1.20,192.168.1.1,22,ACCEPT,PORT_SCAN
2025-11-28 09:14:10,192.168.1.20,192.168.1.1,3389,ACCEPT,FLOOD
2025-11-28 09:59:37,192.168.1.10,192.168.1.1,80,DENY,AUTH_FAIL
2025-11-28 09:23:10,192.168.1.20,192.168.1.1,443,DENY,OK
2025-11-28 09:02:23,192.168.1.10,192.168.1.1,3389,DENY,FLOOD
2025-11-28 09:14:44,192.168.1.10,192.168.1.1,3389,ACCEPT,OK
2025-11-28 09:52:20,192.168.1.20,192.168.1.1,22,ACCEPT,PORT_SCAN
2025-11-28 09:52:50,192.168.1.10,192.168.1.1,443,DENY,FLOOD
2025-11-28 09:06:35,192.168.1.20,192.168.1.1,80,ACCEPT,FLOOD
2025-11-28 09:51:36,10.0.0.5,192.168.1.1,3389,ACCEPT,INVALID
2025-11-28 09:49:55,203.0.113.50,192.168.1.1,3389,ACCEPT,PORT_SCAN
2025-11-28 09:48:58,192.168.1.10,192.168.1.1,22,ACCEPT,PORT_SCAN
2025-11-28 09:24:52,192.168.1.10,192.168.1.1,21,ACCEPT,FLOOD
2025-11-28 09:59:15,192.168.1.10,192.168.1.1,80,ACCEPT,PORT_SCAN
2025-11-28 09:53:42,10.0.0.5,192.168.1.1,443,DENY,FLOOD
2025-11-28 09:19:27,10.0.0.5,192.168.1.1,3389,ACCEPT,INVALID
2025-11-28 09:43:36,192.168.1.10,192.168.1.1,3389,DENY,FLOOD
2025-11-28 09:17:42,198.51.100.1,192.168.1.1,80,ACCEPT,PORT_SCAN
2025-11-28 09:35:56,192.168.1.10,192.168.1.1,21,ACCEPT,PORT_SCAN
2025-11-28 09:17:45,192.168.1.20,192.168.1.1,3389,DENY,FLOOD
2025-11-28 09:20:09,10.0.0.5,192.168.1.1,80,ACCEPT,FLOOD
2025-11-28 09:49:42,203.0.113.50,192.168.1.1,22,DENY,PORT_SCAN
2025-11-28 09:40:45,10.0.0.5,192.168.1.1,21,ACCEPT,AUTH_FAIL
2025-11-28 09:54:54,203.0.113.50,192.168.1.1,443,ACCEPT,PORT_SCAN
2025-11-28 09:10:33,192.168.1.20,192.168.1.1,3389,DENY,PORT_SCAN
2025-11-28 09:19:16,203.0.113.50,192.168.1.1,80,DENY,AUTH_FAIL
2025-11-28 09:53:54,192.168.1.10,192.168.1.1,22,ACCEPT,FLOOD
2025-11-28 09:20:38,203.0.113.50,192.168.1.1,443,ACCEPT,INVALID
2025-11-28 09:12:12,192.168.1.20,192.168.1.1,80,ACCEPT,FLOOD
2025-11-28 09:03:54,203.0.113.50,192.168.1.1,80,DENY,FLOOD
2025-11-28 09:45:05,192.168.1.20,192.168.1.1,443,ACCEPT,AUTH_FAIL
2025-11-28 09:12:30,10.0.0.5,192.168.1.1,22,ACCEPT,PORT_SCAN
2025-11-28 09:43:55,192.168.1.20,192.168.1.1,22,ACCEPT,FLOOD
2025-11-28 09:51:20,10.0.0.5,192.168.1.1,21,ACCEPT,PORT_SCAN
2025-11-28 09:52:25,192.168.1.10,192.168.1.1,3389,ACCEPT,OK
2025-11-28 09:15:53,192.168.1.10,192.168.1.1,443,DENY,PORT_SCAN
2025-11-28 09:42:19,192.168.1.10,192.168.1.1,443,ACCEPT,INVALID
2025-11-28 09:49:20,192.168.1.10,192.168.1.1,443,ACCEPT,INVALID
2025-11-28 09:55:24,203.0.113.50,192.168.1.1,22,DENY,PORT_SCAN
2025-11-28 09:55:01,192.168.1.10,192.168.1.1,3389,DENY,PORT_SCAN
2025-11-28 09:25:42,198.51.100.1,192.168.1.1,21,ACCEPT,FLOOD
2025-11-28 09:19:57,192.168.1.20,192.168.1.1,80,ACCEPT,AUTH_FAIL
2025-11-28 09:27:56,192.168.1.10,192.168.1.1,80,ACCEPT,INVALID
2025-11-28 09:19:51,10.0.0.5,192.168.1.1,443,ACCEPT,FLOOD
2025-11-28 09:36:57,10.0.0.5,192.168.1.1,3389,ACCEPT,AUTH_FAIL
2025-11-28 09:23:36,192.168.1.20,192.168.1.1,22,ACCEPT,FLOOD
2025-11-28 09:49:53,192.168.1.20,192.168.1.1,3389,ACCEPT,PORT_SCAN
2025-11-28 09:47:22,10.0.0.5,192.168.1.1,3389,DENY,PORT_SCAN
2025-11-28 09:44:41,192.168.1.10,192.168.1.1,22,ACCEPT,PORT_SCAN
2025-11-28 09:20:17,198.51.100.1,192.168.1.1,443,ACCEPT,PORT_SCAN
2025-11-28 09:25:40,198.51.100.1,192.168.1.1,3389,ACCEPT,OK
2025-11-28 09:34:36,10.0.0.5,192.168.1.1,80,DENY,AUTH_FAIL
2025-11-28 09:53:56,192.168.1.10,192.168.1.1,22,DENY,AUTH_FAIL
2025-11-28 09:24:05,10.0.0.5,192.168.1.1,21,DENY,PORT_SCAN
2025-11-28 09:39:46,192.168.1.10,192.168.1.1,443,DENY,OK
2025-11-28 09:25:19,192.168.1.10,192.168.1.1,22,DENY,PORT_SCAN
2025-11-28 09:23:08,192.168.1.10,192.168.1.1,21,ACCEPT,OK
2025-11-28 09:30:56,192.168.1.20,192.168.1.1,21,ACCEPT,PORT_SCAN
2025-11-28 09:22:45,203.0.113.50,192.168.1.1,3389,ACCEPT,INVALID
2025-11-28 09:08:19,10.0.0.5,192.168.1.1,3389,DENY,INVALID
2025-11-28 09:28:00,10.0.0.5,192.168.1.1,3389,DENY,FLOOD
2025-11-28 09:08:30,192.168.1.20,192.168.1.1,22,ACCEPT,PORT_SCAN
2025-11-28 09:56:38,192.168.1.20,192.168.1.1,22,ACCEPT,AUTH_FAIL
2025-11-28 09:03:36,192.168.1.20,192.168.1.1,443,ACCEPT,FLOOD
2025-11-28 09:22:04,198.51.100.1,192.168.1.1,3389,DENY,INVALID
2025-11-28 09:19:15,192.168.1.10,192.168.1.1,21,ACCEPT,PORT_SCAN
2025-11-28 09:30:27,203.0.113.50,192.168.1.1,80,ACCEPT,FLOOD
2025-11-28 09:52:21,192.168.1.20,192.168.1.1,443,ACCEPT,PORT_SCAN
2025-11-28 09:55:23,192.168.1.20,192.168.1.1,22,ACCEPT,INVALID
2025-11-28 09:58:06,10.0.0.5,192.168.1.1,443,DENY,FLOOD
2025-11-28 09:30:10,192.168.1.20,192.168.1.1,443,ACCEPT,INVALID
2025-11-28 09:41:32,203.0.113.50,192.168.1.1,443,DENY,OK
2025-11-28 09:48:43,198.51.100.1,192.168.1.1,443,ACCEPT,INVALID
2025-11-28 09:20:05,192.168.1.20,192.168.1.1,80,ACCEPT,PORT_SCAN
2025-11-28 09:36:54,192.168.1.10,192.168.1.1,3389,ACCEPT,AUTH_FAIL
2025-11-28 09:01:30,192.168.1.20,192.168.1.1,21,DENY,INVALID
2025-11-28 09:11:53,198.51.100.1,192.168.1.1,443,ACCEPT,AUTH_FAIL
2025-11-28 09:31:21,192.168.1.10,192.168.1.1,443,ACCEPT,OK
2025-11-28 09:00:38,10.0.0.5,192.168.1.1,443,ACCEPT,FLOOD
2025-11-28 09:53:17,10.0.0.5,192.168.1.1,3389,DENY,FLOOD
2025-11-28 09:58:42,10.0.0.5,192.168.1.1,22,ACCEPT,AUTH_FAIL
2025-11-28 09:02:52,192.168.1.10,192.168.1.1,22,DENY,FLOOD
2025-11-28 09:10:52,10.0.0.5,192.168.1.1,80,ACCEPT,INVALID
2025-11-28 09:12:33,198.51.100.1,192.168.1.1,22,DENY,AUTH_FAIL
2025-11-28 09:20:43,192.168.1.10,192.168.1.1,443,ACCEPT,PORT_SCAN
2025-11-28 09:18:01,192.168.1.10,192.168.1.1,443,ACCEPT,INVALID
2025-11-28 09:28:03,198.51.100.1,192.168.1.1,443,ACCEPT,INVALID
2025-11-28 09:42:03,192.168.1.10,192.168.1.1,80,ACCEPT,INVALID
2025-11-28 09:07:35,203.0.113.50,192.168.1.1,443,ACCEPT,PORT_SCAN
2025-11-28 09:13:48,192.168.1.20,192.168.1.1,22,DENY,OK
2025-11-28 09:14:54,192.168.1.10,192.168.1.1,3389,ACCEPT,FLOOD
2025-11-28 09:23:04,203.0.113.50,192.168.1.1,3389,DENY,AUTH_FAIL
2025-11-28 09:32:38,192.168.1.20,192.168.1.1,21,ACCEPT,OK
2025-11-28 09:51:12,192.168.1.20,192.168.1.1,22,ACCEPT,AUTH_FAIL
2025-11-28 09:40:34,192.168.1.20,192.168.1.1,443,ACCEPT,FLOOD
2025-11-28 09:33:16,192.168.1.20,192.168.1.1,3389,ACCEPT,PORT_SCAN
2025-11-28 09:39:55,192.168.1.10,192.168.1.1,22,ACCEPT,INVALID
2025-11-28 09:03:09,192.168.1.20,192.168.1.1,3389,ACCEPT,INVALID
2025-11-28 09:08:24,198.51.100.1,192.168.1.1,443,ACCEPT,PORT_SCAN
2025-11-28 09:20:14,192.168.1.10,192.168.1.1,3389,ACCEPT,OK
2025-11-28 09:25:31,10.0.0.5,192.168.1.1,21,DENY,OK
2025-11-28 09:57:20,192.168.1.20,192.168.1.1,21,DENY,AUTH_FAIL
2025-11-28 09:58:00,10.0.0.5,192.168.1.1,3389,ACCEPT,PORT_SCAN
2025-11-28 09:13:43,192.168.1.10,192.168.1.1,22,ACCEPT,OK
2025-11-28 09:15:28,198.51.100.1,192.168.1.1,22,DENY,AUTH_FAIL
2025-11-28 09:15:33,192.168.1.20,192.168.1.1,22,ACCEPT,FLOOD
2025-11-28 09:19:00,192.168.1.10,192.168.1.1,3389,ACCEPT,INVALID
2025-11-28 09:02:13,192.168.1.10,192.168.1.1,22,ACCEPT,INVALID
2025-11-28 09:35:05,192.168.1.10,192.168.1.1,443,ACCEPT,INVALID
2025-11-28 09:11:24,192.168.1.20,192.168.1.1,21,ACCEPT,PORT_SCAN
2025-11-28 09:45:19,192.168.1.20,192.168.1.1,443,ACCEPT,PORT_SCAN
2025-11-28 09:37:00,203.0.113.50,192.168.1.1,22,DENY,PORT_SCAN
2025-11-28 09:30:52,192.168.1.20,192.168.1.1,443,DENY,INVALID
2025-11-28 09:13:34,192.168.1.10,192.168.1.1,22,ACCEPT,AUTH_FAIL
2025-11-28 09:19:32,10.0.0.5,192.168.1.1,3389,DENY,INVALID
2025-11-28 09:01:19,10.0.0.5,192.168.1.1,443,DENY,AUTH_FAIL
2025-11-28 09:48:53,192.168.1.10,192.168.1.1,3389,ACCEPT,AUTH_FAIL
2025-11-28 09:54:44,192.168.1.10,192.168.1.1,3389,ACCEPT,FLOOD
2025-11-28 09:03:22,192.168.1.10,192.168.1.1,80,ACCEPT,AUTH_FAIL
2025-11-28 09:46:51,10.0.0.5,192.168.1.1,22,DENY,PORT_SCAN
2025-11-28 09:20:52,10.0.0.5,192.168.1.1,21,DENY,AUTH_FAIL
2025-11-28 09:28:19,192.168.1.20,192.168.1.1,22,ACCEPT,INVALID
2025-11-28 09:20:50,203.0.113.50,192.168.1.1,21,ACCEPT,AUTH_FAIL
2025-11-28 09:28:02,203.0.113.50,192.168.1.1,22,DENY,PORT_SCAN
2025-11-28 09:25:55,192.168.1.20,192.168.1.1,3389,ACCEPT,INVALID
2025-11-28 09:58:32,203.0.113.50,192.168.1.1,443,ACCEPT,OK
2025-11-28 09:57:53,192.168.1.10,192.168.1.1,443,DENY,INVALID
2025-11-28 09:34:54,192.168.1.10,192.168.1.1,80,ACCEPT,PORT_SCAN
2025-11-28 09:20:56,192.168.1.10,192.168.1.1,21,DENY,PORT_SCAN
2025-11-28 09:56:16,192.168.1.10,192.168.1.1,21,DENY,PORT_SCAN
2025-11-28 09:25:49,192.168.1.20,192.168.1.1,21,DENY,OK
2025-11-28 09:19:26,198.51.100.1,192.168.1.1,3389,ACCEPT,FLOOD
2025-11-28 09:58:06,192.168.1.10,192.168.1.1,21,ACCEPT,INVALID
2025-11-28 09:59:44,192.168.1.10,192.168.1.1,443,ACCEPT,PORT_SCAN
2025-11-28 09:23:16,192.168.1.20,192.168.1.1,3389,ACCEPT,INVALID
2025-11-28 09:55:30,198.51.100.1,192.168.1.1,22,DENY,AUTH_FAIL
2025-11-28 09:45:03,192.168.1.20,192.168.1.1,21,ACCEPT,FLOOD
2025-11-28 09:07:50,192.168.1.20,192.168.1.1,21,ACCEPT,OK
2025-11-28 09:50:18,192.168.1.10,192.168.1.1,22,ACCEPT,INVALID
2025-11-28 09:17:15,192.168.1.10,192.168.1.1,21,ACCEPT,FLOOD
2025-11-28 09:22:33,198.51.100.1,192.168.1.1,22,DENY,AUTH_FAIL
2025-11-28 09:46:23,198.51.100.1,192.168.1.1,3389,DENY,OK
2025-11-28 09:47:11,192.168.1.10,192.168.1.1,443,DENY,PORT_SCAN
2025-11-28 09:16:07,198.51.100.1,192.168.1.1,22,DENY,AUTH_FAIL
2025-11-28 09:05:57,10.0.0.5,192.168.1.1,80,ACCEPT,AUTH_FAIL
2025-11-28 09:50:19,203.0.113.50,192.168.1.1,22,DENY,PORT_SCAN
2025-11-28 09:57:59,192.168.1.20,192.168.1.1,21,ACCEPT,OK
2025-11-28 09:11:07,192.168.1.20,192.168.1.1,3389,ACCEPT,INVALID
2025-11-28 09:06:12,192.168.1.20,192.168.1.1,3389,DENY,INVALID
2025-11-28 09:17:11,10.0.0.5,192.168.1.1,22,ACCEPT,OK
2025-11-28 09:19:05,192.168.1.10,192.168.1.1,443,ACCEPT,INVALID
2025-11-28 09:22:51,192.168.1.10,192.168.1.1,80,ACCEPT,PORT_SCAN
2025-11-28 09:45:23,192.168.1.20,192.168.1.1,3389,ACCEPT,OK
2025-11-28 09:01:29,10.0.0.5,192.168.1.1,21,ACCEPT,PORT_SCAN
2025-11-28 09:45:45,192.168.1.10,192.168.1.1,21,ACCEPT,INVALID
2025-11-28 09:56:27,10.0.0.5,192.168.1.1,443,ACCEPT,OK
2025-11-28 09:54:09,198.51.100.1,192.168.1.1,3389,ACCEPT,INVALID
2025-11-28 09:08:59,192.168.1.10,192.168.1.1,22,ACCEPT,OK
2025-11-28 09:46:19,10.0.0.5,192.168.1.1,21,ACCEPT,INVALID
2025-11-28 09:14:28,192.168.1.20,192.168.1.1,443,ACCEPT,PORT_SCAN
2025-11-28 09:00:40,203.0.113.50,192.168.1.1,3389,DENY,PORT_SCAN
2025-11-28 09:12:19,192.168.1.10,192.168.1.1,3389,ACCEPT,INVALID
2025-11-28 09:32:26,10.0.0.5,192.168.1.1,3389,ACCEPT,OK
2025-11-28 09:42:29,203.0.113.50,192.168.1.1,3389,ACCEPT,AUTH_FAIL
2025-11-28 09:50:06,198.51.100.1,192.168.1.1,3389,ACCEPT,PORT_SCAN
2025-11-28 09:53:36,10.0.0.5,192.168.1.1,21,ACCEPT,PORT_SCAN
2025-11-28 09:20:24,192.168.1.20,192.168.1.1,443,ACCEPT,AUTH_FAIL
2025-11-28 09:15:28,10.0.0.5,192.168.1.1,3389,DENY,INVALID
2025-11-28 09:33:56,203.0.113.50,192.168.1.1,80,ACCEPT,OK
2025-11-28 09:41:48,192.168.1.20,192.168.1.1,80,ACCEPT,INVALID
2025-11-28 09:46:19,192.168.1.10,192.168.1.1,443,ACCEPT,FLOOD
2025-11-28 09:46:39,198.51.100.1,192.168.1.1,22,DENY,AUTH_FAIL
2025-11-28 09:15:24,10.0.0.5,192.168.1.1,22,ACCEPT,FLOOD
2025-11-28 09:49:16,10.0.0.5,192.168.1.1,22,ACCEPT,PORT_SCAN
2025-11-28 09:26:21,192.168.1.10,192.168.1.1,80,ACCEPT,PORT_SCAN
2025-11-28 09:55:24,10.0.0.5,192.168.1.1,22,ACCEPT,FLOOD
2025-11-28 09:06:29,192.168.1.20,192.168.1.1,21,ACCEPT,FLOOD
2025-11-28 09:26:57,10.0.0.5,192.168.1.1,3389,ACCEPT,INVALID
2025-11-28 09:48:50,192.168.1.10,192.168.1.1,80,ACCEPT,FLOOD
2025-11-28 09:04:15,10.0.0.5,192.168.1.1,443,ACCEPT,INVALID
2025-11-28 09:11:48,198.51.100.1,192.168.1.1,443,ACCEPT,INVALID
2025-11-28 09:30:38,192.168.1.10,192.168.1.1,3389,ACCEPT,INVALID
2025-11-28 09:32:24,198.51.100.1,192.168.1.1,80,DENY,PORT_SCAN
2025-11-28 09:41:37,192.168.1.20,192.168.1.1,22,ACCEPT,PORT_SCAN
2025-11-28 09:00:09,203.0.113.50,192.168.1.1,22,DENY,PORT_SCAN
2025-11-28 09:47:51,10.0.0.5,192.168.1.1,21,ACCEPT,PORT_SCAN
2025-11-28 09:13:17,192.168.1.20,192.168.1.1,21,ACCEPT,FLOOD
2025-11-28 09:55:13,10.0.0.5,192.168.1.1,22,DENY,PORT_SCAN
2025-11-28 09:55:22,203.0.113.50,192.168.1.1,443,ACCEPT,OK
2025-11-28 09:14:36,192.168.1.20,192.168.1.1,443,ACCEPT,OK
2025-11-28 09:17:08,192.168.1.20,192.168.1.1,21,ACCEPT,FLOOD
2025-11-28 09:53:10,10.0.0.5,192.168.1.1,3389,ACCEPT,PORT_SCAN
2025-11-28 09:16:55,203.0.113.50,192.168.1.1,22,DENY,PORT_SCAN
2025-11-28 09:30:24,10.0.0.5,192.168.1.1,21,ACCEPT,INVALID
2025-11-28 09:06:13,10.0.0.5,192.168.1.1,21,ACCEPT,AUTH_FAIL
2025-11-28 09:52:16,192.168.1.20,192.168.1.1,22,DENY,FLOOD
2025-11-28 09:36:33,203.0.113.50,192.168.1.1,22,DENY,PORT_SCAN
2025-11-28 09:03:43,192.168.1.10,192.168.1.1,443,DENY,AUTH_FAIL
2025-11-28 09:21:02,192.168.1.20,192.168.1.1,3389,DENY,FLOOD
2025-11-28 09:37:04,192.168.1.10,192.168.1.1,3389,DENY,PORT_SCAN
2025-11-28 09:30:02,192.168.1.20,192.168.1.1,22,ACCEPT,FLOOD
2025-11-28 09:14:12,192.168.1.20,192.168.1.1,80,ACCEPT,AUTH_FAIL
2025-11-28 09:55:53,192.168.1.20,192.168.1.1,21,DENY,PORT_SCAN
2025-11-28 09:01:02,10.0.0.5,192.168.1.1,21,ACCEPT,OK
2025-11-28 09:20:40,192.168.1.20,192.168.1.1,22,ACCEPT,FLOOD
2025-11-28 09:47:54,192.168.1.20,192.168.1.1,80,DENY,FLOOD
2025-11-28 09:47:22,192.168.1.10,192.168.1.1,443,DENY,PORT_SCAN
2025-11-28 09:11:28,192.168.1.20,192.168.1.1,22,ACCEPT,OK
2025-11-28 09:24:44,192.168.1.10,192.168.1.1,22,ACCEPT,OK
2025-11-28 09:27:13,192.168.1.10,192.168.1.1,21,ACCEPT,PORT_SCAN
2025-11-28 09:35:52,10.0.0.5,192.168.1.1,22,DENY,INVALID
2025-11-28 09:52:50,10.0.0.5,192.168.1.1,22,DENY,FLOOD
2025-11-28 09:08:30,10.0.0.5,192.168.1.1,22,ACCEPT,FLOOD
2025-11-28 09:06:24,192.168.1.20,192.168.1.1,21,ACCEPT,AUTH_FAIL
2025-11-28 09:06:44,192.168.1.20,192.168.1.1,443,DENY,PORT_SCAN
2025-11-28 09:47:50,203.0.113.50,192.168.1.1,443,ACCEPT,AUTH_FAIL
2025-11-28 09:08:37,192.168.1.20,192.168.1.1,22,ACCEPT,AUTH_FAIL
2025-11-28 09:07:55,192.168.1.20,192.168.1.1,21,DENY,OK
2025-11-28 09:33:20,192.168.1.10,192.168.1.1,443,ACCEPT,FLOOD
2025-11-28 09:45:56,192.168.1.20,192.168.1.1,443,ACCEPT,AUTH_FAIL
2025-11-28 09:27:48,192.168.1.20,192.168.1.1,443,ACCEPT,OK
2025-11-28 09:31:33,192.168.1.20,192.168.1.1,21,ACCEPT,PORT_SCAN
2025-11-28 09:46:58,192.168.1.20,192.168.1.1,21,DENY,AUTH_FAIL
2025-11-28 09:24:20,192.168.1.20,192.168.1.1,22,ACCEPT,FLOOD
2025-11-28 09:51:34,10.0.0.5,192.168.1.1,3389,DENY,AUTH_FAIL
2025-11-28 09:50:44,10.0.0.5,192.168.1.1,443,ACCEPT,PORT_SCAN
2025-11-28 09:45:24,203.0.113.50,192.168.1.1,3389,ACCEPT,AUTH_FAIL
2025-11-28 09:11:53,10.0.0.5,192.168.1.1,21,ACCEPT,FLOOD
2025-11-28 09:58:49,198.51.100.1,192.168.1.1,21,ACCEPT,OK
2025-11-28 09:01:22,192.168.1.10,192.168.1.1,21,ACCEPT,FLOOD
2025-11-28 09:19:28,192.168.1.10,192.168.1.1,3389,ACCEPT,OK
2025-11-28 09:52:36,192.168.1.10,192.168.1.1,21,ACCEPT,INVALID
2025-11-28 09:52:29,10.0.0.5,192.168.1.1,22,ACCEPT,FLOOD
2025-11-28 09:41:44,203.0.113.50,192.168.1.1,21,DENY,FLOOD
2025-11-28 09:31:41,192.168.1.10,192.168.1.1,80,ACCEPT,PORT_SCAN
2025-11-28 09:34:08,198.51.100.1,192.168.1.1,3389,DENY,AUTH_FAIL
2025-11-28 09:00:50,192.168.1.10,192.168.1.1,80,ACCEPT,OK
2025-11-28 09:11:24,198.51.100.1,192.168.1.1,21,ACCEPT,OK
2025-11-28 09:11:56,192.168.1.20,192.168.1.1,22,ACCEPT,PORT_SCAN
2025-11-28 09:24:29,192.168.1.10,192.168.1.1,443,ACCEPT,PORT_SCAN
2025-11-28 09:07:28,192.168.1.20,192.168.1.1,21,ACCEPT,AUTH_FAIL
2025-11-28 09:14:40,192.168.1.10,192.168.1.1,22,DENY,AUTH_FAIL
2025-11-28 09:08:07,192.168.1.10,192.168.1.1,3389,DENY,FLOOD
2025-11-28 09:30:23,192.168.1.20,192.168.1.1,80,ACCEPT,INVALID
2025-11-28 09:34:41,203.0.113.50,192.168.1.1,80,ACCEPT,AUTH_FAIL
2025-11-28 09:56:59,192.168.1.20,192.168.1.1,80,DENY,PORT_SCAN
2025-11-28 09:35:42,192.168.1.20,192.168.1.1,3389,ACCEPT,AUTH_FAIL
2025-11-28 09:52:23,10.0.0.5,192.168.1.1,22,DENY,OK
2025-11-28 09:26:14,10.0.0.5,192.168.1.1,3389,DENY,INVALID
2025-11-28 09:36:41,192.168.1.10,192.168.1.1,80,DENY,FLOOD
2025-11-28 09:04:09,192.168.1.20,192.168.1.1,21,ACCEPT,OK
2025-11-28 09:11:13,192.168.1.10,192.168.1.1,443,ACCEPT,OK
2025-11-28 09:07:17,192.168.1.10,192.168.1.1,3389,ACCEPT,INVALID
2025-11-28 09:36:05,10.0.0.5,192.168.1.1,3389,ACCEPT,FLOOD
2025-11-28 09:12:50,192.168.1.10,192.168.1.1,22,DENY,PORT_SCAN
2025-11-28 09:56:17,192.168.1.20,192.168.1.1,22,ACCEPT,FLOOD
2025-11-28 09:04:27,10.0.0.5,192.168.1.1,3389,ACCEPT,AUTH_FAIL
2025-11-28 09:33:04,192.168.1.10,192.168.1.1,80,DENY,OK
2025-11-28 09:17:57,192.168.1.20,192.168.1.1,443,DENY,AUTH_FAIL
2025-11-28 09:03:55,192.168.1.10,192.168.1.1,22,DENY,PORT_SCAN
2025-11-28 09:06:28,198.51.100.1,192.168.1.1,80,DENY,AUTH_FAIL
2025-11-28 09:50:37,192.168.1.20,192.168.1.1,21,ACCEPT,FLOOD
2025-11-28 09:12:42,203.0.113.50,192.168.1.1,22,DENY,PORT_SCAN
2025-11-28 09:30:48,192.168.1.20,192.168.1.1,80,DENY,PORT_SCAN
2025-11-28 09:40:48,192.168.1.10,192.168.1.1,80,ACCEPT,PORT_SCAN
2025-11-28 09:10:23,10.0.0.5,192.168.1.1,443,ACCEPT,PORT_SCAN
2025-11-28 09:46:54,198.51.100.1,192.168.1.1,443,ACCEPT,FLOOD
2025-11-28 09:56:14,10.0.0.5,192.168.1.1,21,ACCEPT,PORT_SCAN
2025-11-28 09:49:26,203.0.113.50,192.168.1.1,80,DENY,OK
2025-11-28 09:54:38,203.0.113.50,192.168.1.1,80,ACCEPT,PORT_SCAN
2025-11-28 09:20:52,192.168.1.10,192.168.1.1,443,ACCEPT,AUTH_FAIL
2025-11-28 09:48:20,192.168.1.10,192.168.1.1,22,ACCEPT,AUTH_FAIL
2025-11-28 09:09:37,10.0.0.5,192.168.1.1,22,ACCEPT,AUTH_FAIL
2025-11-28 09:35:22,192.168.1.20,192.168.1.1,3389,ACCEPT,FLOOD
2025-11-28 09:07:14,203.0.113.50,192.168.1.1,443,ACCEPT,AUTH_FAIL
2025-11-28 09:35:50,198.51.100.1,192.168.1.1,3389,DENY,FLOOD
2025-11-28 09:58:13,192.168.1.20,192.168.1.1,443,ACCEPT,FLOOD
2025-11-28 09:12:43,192.168.1.10,192.168.1.1,21,ACCEPT,PORT_SCAN
2025-11-28 09:46:25,10.0.0.5,192.168.1.1,80,ACCEPT,OK
2025-11-28 09:47:33,192.168.1.10,192.168.1.1,21,ACCEPT,PORT_SCAN
2025-11-28 09:22:09,203.0.113.50,192.168.1.1,443,ACCEPT,PORT_SCAN
